-- phpMyAdmin SQL Dump
-- version 5.0.4
-- https://www.phpmyadmin.net/
--
-- Host: 127.0.0.1
-- Generation Time: Sep 07, 2022 at 09:59 AM
-- Server version: 10.4.17-MariaDB
-- PHP Version: 7.4.13

SET SQL_MODE = "NO_AUTO_VALUE_ON_ZERO";
START TRANSACTION;
SET time_zone = "+00:00";


/*!40101 SET @OLD_CHARACTER_SET_CLIENT=@@CHARACTER_SET_CLIENT */;
/*!40101 SET @OLD_CHARACTER_SET_RESULTS=@@CHARACTER_SET_RESULTS */;
/*!40101 SET @OLD_COLLATION_CONNECTION=@@COLLATION_CONNECTION */;
/*!40101 SET NAMES utf8mb4 */;

--
-- Database: `pos`
--

-- --------------------------------------------------------

--
-- Table structure for table `detailpenjualan`
--

CREATE TABLE `detailpenjualan` (
  `nonota` char(11) DEFAULT NULL,
  `kd_menu` char(11) DEFAULT NULL,
  `harga` int(10) DEFAULT NULL,
  `jumlah` int(5) DEFAULT NULL,
  `subtotal` int(10) DEFAULT NULL
) ENGINE=InnoDB DEFAULT CHARSET=latin1;

--
-- Dumping data for table `detailpenjualan`
--

INSERT INTO `detailpenjualan` (`nonota`, `kd_menu`, `harga`, `jumlah`, `subtotal`) VALUES
('NOTA0000304', 'KDMN0000005', 10000, 2, 20000),
('NOTA0000894', 'KDMN0000031', 7000, 1, 7000),
('NOTA0001180', 'KDMN0000018', 10000, 2, 20000),
('NOTA0001475', 'KDMN0000030', 16000, 2, 32000),
('NOTA0001773', 'KDMN0000023', 16000, 1, 16000),
('NOTA0002064', 'KDMN0000027', 12000, 2, 24000),
('NOTA0002336', 'KDMN0000013', 8000, 1, 8000),
('NOTA0002336', 'KDMN0000018', 10000, 1, 10000),
('NOTA0002619', 'KDMN0000003', 12000, 2, 24000),
('NOTA0002619', 'KDMN0000027', 12000, 1, 12000),
('NOTA0002913', 'KDMN0000028', 15000, 2, 30000),
('NOTA0002914', 'KDMN0000027', 12000, 1, 12000),
('NOTA0003211', 'KDMN0000066', 5000, 1, 5000),
('NOTA0003501', 'KDMN0000003', 12000, 3, 36000),
('NOTA0003501', 'KDMN0000027', 12000, 2, 24000),
('NOTA0003502', 'KDMN0000001', 6000, 1, 6000),
('NOTA0003502', 'KDMN0000002', 10000, 2, 20000),
('NOTA0003791', 'KDMN0000018', 10000, 1, 10000),
('NOTA0003791', 'KDMN0000066', 5000, 1, 5000),
('NOTA0003791', 'KDMN0000003', 12000, 1, 12000),
('NOTA0004075', 'KDMN0000027', 12000, 1, 12000),
('NOTA0004075', 'KDMN0000028', 15000, 1, 15000),
('NOTA0004076', 'KDMN0000022', 16000, 2, 32000),
('NOTA0004076', 'KDMN0000029', 15000, 1, 15000),
('NOTA0004364', 'KDMN0000040', 14000, 1, 14000),
('NOTA0004364', 'KDMN0000004', 10000, 2, 20000),
('NOTA0004365', 'KDMN0000025', 10000, 2, 20000),
('NOTA0004365', 'KDMN0000021', 15000, 1, 15000),
('NOTA0004648', 'KDMN0000038', 13000, 1, 13000),
('NOTA0004945', 'KDMN0000045', 18000, 1, 18000),
('NOTA0004945', 'KDMN0000022', 16000, 2, 32000),
('NOTA0005234', 'KDMN0000023', 16000, 2, 32000),
('NOTA0005234', 'KDMN0000005', 10000, 1, 10000),
('NOTA0005235', 'KDMN0000001', 6000, 2, 12000),
('NOTA0005420', 'KDMN0000047', 11000, 1, 11000),
('NOTA0005420', 'KDMN0000022', 16000, 2, 32000),
('NOTA0005421', 'KDMN0000018', 75000, 4, 300000),
('NOTA0005421', 'KDMN0000007', 13000, 20, 260000),
('NOTA0005422', 'KDMN0000012', 55000, 82, 4510000),
('NOTA0005422', 'KDMN0000005', 23000, 110, 2530000),
('NOTA0005422', 'KDMN0000009', 15000, 100, 1500000),
('NOTA0005422', 'KDMN0000001', 15000, 200, 3000000),
('NOTA0005423', 'KDMN0000002', 17000, 50, 850000),
('NOTA0005423', 'KDMN0000004', 44000, 3, 132000),
('NOTA0005423', 'KDMN0000005', 23000, 5, 115000),
('NOTA0005423', 'KDMN0000008', 19000, 120, 2280000),
('NOTA0005424', 'KDMN0000011', 36000, 2, 72000),
('NOTA0005424', 'KDMN0000012', 55000, 3, 165000),
('NOTA0005424', 'KDMN0000007', 13000, 4, 52000),
('NOTA0005425', 'KDMN0000009', 15000, 20, 300000),
('NOTA0005425', 'KDMN0000008', 19000, 40, 760000),
('NOTA0005425', 'KDMN0000007', 13000, 60, 780000),
('NOTA0005425', 'KDMN0000006', 15000, 50, 750000),
('NOTA0005426', 'KDMN0000001', 15000, 10, 150000),
('NOTA0005426', 'KDMN0000002', 17000, 5, 85000),
('NOTA0005426', 'KDMN0000003', 34000, 5, 170000),
('NOTA0005426', 'KDMN0000004', 44000, 3, 132000),
('NOTA0005427', 'KDMN0000008', 19000, 2, 38000),
('NOTA0005427', 'KDMN0000010', 46000, 3, 138000),
('NOTA0005427', 'KDMN0000016', 45000, 4, 180000),
('NOTA0005427', 'KDMN0000021', 20000, 5, 100000),
('NOTA0005428', 'KDMN0000020', 30000, 4, 120000),
('NOTA0005428', 'KDMN0000019', 50000, 3, 150000),
('NOTA0005428', 'KDMN0000018', 75000, 4, 300000),
('NOTA0005428', 'KDMN0000012', 55000, 6, 330000),
('NOTA0005429', 'KDMN0000008', 19000, 4, 76000),
('NOTA0005429', 'KDMN0000009', 15000, 7, 105000),
('NOTA0005429', 'KDMN0000010', 46000, 5, 230000),
('NOTA0005429', 'KDMN0000011', 36000, 4, 144000),
('NOTA0005429', 'KDMN0000007', 13000, 5, 65000),
('NOTA0005430', 'KDMN0000005', 23000, 5, 115000),
('NOTA0005430', 'KDMN0000006', 15000, 5, 75000),
('NOTA0005430', 'KDMN0000007', 13000, 12, 156000),
('NOTA0005430', 'KDMN0000014', 65000, 6, 390000),
('NOTA0005431', 'KDMN0000014', 65000, 1, 65000),
('NOTA0005431', 'KDMN0000015', 55000, 3, 165000),
('NOTA0005431', 'KDMN0000016', 45000, 5, 225000),
('NOTA0005431', 'KDMN0000017', 50000, 5, 250000),
('NOTA0005432', 'KDMN0000008', 19000, 4, 76000),
('NOTA0005432', 'KDMN0000011', 36000, 3, 108000),
('NOTA0005432', 'KDMN0000012', 55000, 6, 330000),
('NOTA0005432', 'KDMN0000009', 15000, 5, 75000),
('NOTA0005432', 'KDMN0000007', 13000, 2, 26000),
('NOTA0005433', 'KDMN0000013', 15000, 1, 15000),
('NOTA0005433', 'KDMN0000011', 36000, 7, 252000),
('NOTA0005433', 'KDMN0000010', 46000, 5, 230000),
('NOTA0005434', 'KDMN0000005', 23000, 4, 92000),
('NOTA0005434', 'KDMN0000003', 34000, 4, 136000),
('NOTA0005434', 'KDMN0000004', 44000, 6, 264000),
('NOTA0005435', 'KDMN0000018', 75000, 2, 150000),
('NOTA0005435', 'KDMN0000020', 30000, 7, 210000),
('NOTA0005435', 'KDMN0000019', 50000, 6, 300000),
('NOTA0005435', 'KDMN0000021', 20000, 6, 120000),
('NOTA0005436', 'KDMN0000009', 15000, 3, 45000),
('NOTA0005436', 'KDMN0000005', 23000, 1, 23000),
('NOTA0005436', 'KDMN0000007', 13000, 2, 26000),
('NOTA0005436', 'KDMN0000010', 46000, 2, 92000),
('NOTA0005437', 'KDMN0000020', 30000, 2, 60000),
('NOTA0005437', 'KDMN0000019', 50000, 2, 100000),
('NOTA0005437', 'KDMN0000018', 75000, 3, 225000),
('NOTA0005438', 'KDMN0000016', 45000, 1, 45000),
('NOTA0005438', 'KDMN0000015', 55000, 2, 110000),
('NOTA0005438', 'KDMN0000014', 65000, 1, 65000),
('NOTA0005439', 'KDMN0000001', 15000, 2, 30000),
('NOTA0005439', 'KDMN0000002', 17000, 1, 17000),
('NOTA0005439', 'KDMN0000013', 15000, 2, 30000),
('NOTA0005440', 'KDMN0000014', 65000, 12, 780000),
('NOTA0005440', 'KDMN0000006', 15000, 2, 30000),
('NOTA0005440', 'KDMN0000013', 15000, 2, 30000),
('NOTA0005441', 'KDMN0000001', 15000, 1, 15000),
('NOTA0005442', 'KDMN0000008', 19000, 2, 38000),
('NOTA0005442', 'KDMN0000012', 55000, 2, 110000),
('NOTA0005442', 'KDMN0000001', 15000, 2, 30000),
('NOTA0005443', 'KDMN0000008', 19000, 2, 38000),
('NOTA0005443', 'KDMN0000007', 13000, 2, 26000),
('NOTA0005443', 'KDMN0000009', 15000, 2, 30000),
('NOTA0005444', 'KDMN0000011', 36000, 3, 108000),
('NOTA0005444', 'KDMN0000021', 20000, 3, 60000),
('NOTA0005444', 'KDMN0000005', 23000, 3, 69000),
('NOTA0005444', 'KDMN0000017', 50000, 4, 200000),
('NOTA0005445', 'KDMN0000019', 50000, 3, 150000),
('NOTA0005445', 'KDMN0000018', 75000, 3, 225000),
('NOTA0005445', 'KDMN0000001', 15000, 4, 60000),
('NOTA0005445', 'KDMN0000002', 17000, 4, 68000),
('NOTA0005446', 'KDMN0000014', 65000, 2, 130000),
('NOTA0005446', 'KDMN0000019', 50000, 3, 150000),
('NOTA0005446', 'KDMN0000020', 30000, 3, 90000),
('NOTA0005447', 'KDMN0000020', 30000, 3, 90000),
('NOTA0005447', 'KDMN0000009', 15000, 2, 30000),
('NOTA0005448', 'KDMN0000011', 36000, 2, 72000),
('NOTA0005448', 'KDMN0000001', 15000, 2, 30000),
('NOTA0005448', 'KDMN0000002', 17000, 3, 51000),
('NOTA0005449', 'KDMN0000021', 20000, 2, 40000),
('NOTA0005449', 'KDMN0000010', 46000, 2, 92000),
('NOTA0005450', 'KDMN0000018', 75000, 3, 225000),
('NOTA0005450', 'KDMN0000006', 15000, 3, 45000),
('NOTA0005450', 'KDMN0000005', 23000, 3, 69000),
('NOTA0005450', 'KDMN0000020', 30000, 3, 90000),
('NOTA0005451', 'KDMN0000002', 17000, 3, 51000),
('NOTA0005451', 'KDMN0000001', 15000, 3, 45000),
('NOTA0005451', 'KDMN0000003', 34000, 3, 102000),
('NOTA0005451', 'KDMN0000004', 44000, 3, 132000),
('NOTA0005451', 'KDMN0000005', 23000, 3, 69000),
('NOTA0005452', 'KDMN0000010', 46000, 3, 138000),
('NOTA0005452', 'KDMN0000011', 36000, 2, 72000),
('NOTA0005452', 'KDMN0000009', 15000, 2, 30000),
('NOTA0005453', 'KDMN0000008', 19000, 25, 475000),
('NOTA0005453', 'KDMN0000007', 13000, 25, 325000),
('NOTA0005454', 'KDMN0000010', 46000, 2, 92000),
('NOTA0005454', 'KDMN0000021', 20000, 2, 40000),
('NOTA0005455', 'KDMN0000020', 30000, 3, 90000),
('NOTA0005455', 'KDMN0000019', 50000, 2, 100000),
('NOTA0005455', 'KDMN0000009', 15000, 2, 30000),
('NOTA0005456', 'KDMN0000008', 19000, 1, 19000),
('NOTA0005456', 'KDMN0000006', 15000, 1, 15000),
('NOTA0005456', 'KDMN0000005', 23000, 4, 92000),
('NOTA0005456', 'KDMN0000011', 36000, 1, 36000),
('NOTA0005457', 'KDMN0000016', 45000, 1, 45000),
('NOTA0005457', 'KDMN0000015', 55000, 1, 55000),
('NOTA0005457', 'KDMN0000004', 44000, 1, 44000),
('NOTA0005458', 'KDMN0000001', 15000, 2, 30000),
('NOTA0005458', 'KDMN0000003', 34000, 1, 34000),
('NOTA0005458', 'KDMN0000004', 44000, 1, 44000),
('NOTA0005458', 'KDMN0000018', 75000, 1, 75000),
('NOTA0005459', 'KDMN0000018', 75000, 3, 225000),
('NOTA0005459', 'KDMN0000007', 13000, 2, 26000),
('NOTA0005459', 'KDMN0000016', 45000, 2, 90000),
('NOTA0005460', 'KDMN0000004', 44000, 2, 88000),
('NOTA0005460', 'KDMN0000009', 15000, 1, 15000),
('NOTA0005461', 'KDMN0000022', 39996, 3, 119988),
('NOTA0005461', 'KDMN0000009', 15000, 1, 15000),
('NOTA0005461', 'KDMN0000008', 19000, 12, 228000),
('NOTA0005461', 'KDMN0000005', 23000, 1, 23000),
('NOTA0005462', 'KDMN0000013', 15000, 1, 15000),
('NOTA0005462', 'KDMN0000014', 65000, 1, 65000),
('NOTA0005462', 'KDMN0000012', 55000, 1, 55000),
('NOTA0005463', 'KDMN0000022', 39996, 2, 79992),
('NOTA0005463', 'KDMN0000021', 20000, 1, 20000),
('NOTA0005463', 'KDMN0000018', 75000, 12, 900000),
('NOTA0005464', 'KDMN0000022', 39996, 2, 79992),
('NOTA0005464', 'KDMN0000017', 50000, 2, 100000),
('NOTA0005464', 'KDMN0000020', 30000, 3, 90000),
('NOTA0005465', 'KDMN0000006', 15000, 1, 15000),
('NOTA0005465', 'KDMN0000020', 30000, 12, 360000),
('NOTA0005465', 'KDMN0000003', 34000, 2, 68000),
('NOTA0005466', 'KDMN0000002', 17000, 2, 34000),
('NOTA0005466', 'KDMN0000007', 13000, 2, 26000),
('NOTA0005467', 'KDMN0000022', 39996, 3, 119988),
('NOTA0005467', 'KDMN0000005', 23000, 2, 46000),
('NOTA0005467', 'KDMN0000003', 34000, 2, 68000),
('NOTA0005468', 'KDMN0000020', 30000, 3, 90000),
('NOTA0005468', 'KDMN0000005', 23000, 23, 529000),
('NOTA0005469', 'KDMN0000020', 30000, 3, 90000),
('NOTA0005469', 'KDMN0000004', 44000, 2, 88000),
('NOTA0005469', 'KDMN0000021', 20000, 1, 20000),
('NOTA0005470', 'KDMN0000021', 20000, 2, 40000),
('NOTA0005470', 'KDMN0000009', 15000, 2, 30000),
('NOTA0005470', 'KDMN0000001', 15000, 2, 30000),
('NOTA0005470', 'KDMN0000002', 17000, 2, 34000),
('NOTA0005471', 'KDMN0000008', 19000, 1, 19000),
('NOTA0005471', 'KDMN0000006', 15000, 1, 15000),
('NOTA0005471', 'KDMN0000010', 46000, 1, 46000),
('NOTA0005472', 'KDMN0000022', 39996, 1, 39996),
('NOTA0005472', 'KDMN0000009', 15000, 1, 15000),
('NOTA0005472', 'KDMN0000015', 55000, 1, 55000),
('NOTA0005473', 'KDMN0000005', 23000, 1, 23000),
('NOTA0005473', 'KDMN0000021', 20000, 1, 20000),
('NOTA0005473', 'KDMN0000020', 30000, 1, 30000),
('NOTA0005474', 'KDMN0000018', 75000, 1, 75000),
('NOTA0005474', 'KDMN0000004', 44000, 1, 44000),
('NOTA0005474', 'KDMN0000009', 15000, 1, 15000),
('NOTA0005475', 'KDMN0000005', 23000, 1, 23000),
('NOTA0005475', 'KDMN0000010', 46000, 1, 46000),
('NOTA0005475', 'KDMN0000021', 20000, 1, 20000),
('NOTA0005476', 'KDMN0000007', 13000, 11, 143000),
('NOTA0005476', 'KDMN0000020', 30000, 11, 330000),
('NOTA0005476', 'KDMN0000021', 20000, 11, 220000),
('NOTA0005477', 'KDMN0000003', 34000, 11, 374000),
('NOTA0005477', 'KDMN0000008', 19000, 1, 19000),
('NOTA0005477', 'KDMN0000011', 36000, 11, 396000),
('NOTA0005478', 'KDMN0000008', 19000, 11, 209000),
('NOTA0005478', 'KDMN0000010', 46000, 11, 506000),
('NOTA0005478', 'KDMN0000020', 30000, 11, 330000),
('NOTA0005479', 'KDMN0000022', 39996, 11, 439956),
('NOTA0005479', 'KDMN0000017', 50000, 11, 550000),
('NOTA0005479', 'KDMN0000021', 20000, 11, 220000),
('NOTA0005480', 'KDMN0000005', 23000, 44, 1012000),
('NOTA0005480', 'KDMN0000021', 20000, 4, 80000),
('NOTA0005481', 'KDMN0000022', 39996, 4, 159984),
('NOTA0005481', 'KDMN0000017', 50000, 3, 150000),
('NOTA0005481', 'KDMN0000020', 30000, 3, 90000),
('NOTA0005482', 'KDMN0000021', 20000, 3, 60000),
('NOTA0005482', 'KDMN0000009', 15000, 3, 45000),
('NOTA0005482', 'KDMN0000001', 15000, 3, 45000),
('NOTA0005483', 'KDMN0000021', 20000, 3, 60000),
('NOTA0005483', 'KDMN0000007', 13000, 3, 39000),
('NOTA0005483', 'KDMN0000002', 17000, 3, 51000),
('NOTA0005484', 'KDMN0000017', 50000, 3, 150000),
('NOTA0005484', 'KDMN0000016', 45000, 3, 135000),
('NOTA0005484', 'KDMN0000015', 55000, 4, 220000),
('NOTA0005485', 'KDMN0000015', 55000, 1, 55000),
('NOTA0005485', 'KDMN0000007', 13000, 11, 143000),
('NOTA0005485', 'KDMN0000008', 19000, 1, 19000),
('NOTA0005485', 'KDMN0000003', 34000, 1, 34000),
('NOTA0005486', 'KDMN0000019', 50000, 1, 50000),
('NOTA0005486', 'KDMN0000020', 30000, 1, 30000),
('NOTA0005486', 'KDMN0000018', 75000, 1, 75000),
('NOTA0005487', 'KDMN0000018', 75000, 1, 75000),
('NOTA0005487', 'KDMN0000019', 50000, 11, 550000),
('NOTA0005488', 'KDMN0000022', 39996, 1, 39996),
('NOTA0005488', 'KDMN0000005', 23000, 1, 23000),
('NOTA0005488', 'KDMN0000009', 15000, 11, 165000),
('NOTA0005489', 'KDMN0000011', 36000, 11, 396000),
('NOTA0005489', 'KDMN0000007', 13000, 1, 13000),
('NOTA0005489', 'KDMN0000009', 15000, 1, 15000),
('NOTA0005490', 'KDMN0000015', 55000, 35, 1925000),
('NOTA0005490', 'KDMN0000006', 15000, 40, 600000),
('NOTA0005491', 'KDMN0000001', 15000, 200, 3000000),
('NOTA0005491', 'KDMN0000002', 17000, 200, 3400000),
('NOTA0005491', 'KDMN0000003', 34000, 50, 1700000),
('NOTA0005492', 'KDMN0000006', 15000, 3, 45000),
('NOTA0005492', 'KDMN0000003', 34000, 3, 102000),
('NOTA0005492', 'KDMN0000004', 44000, 3, 132000),
('NOTA0005492', 'KDMN0000005', 23000, 2, 46000),
('NOTA0005493', 'KDMN0000010', 46000, 2, 92000),
('NOTA0005493', 'KDMN0000011', 36000, 11, 396000),
('NOTA0005494', 'KDMN0000020', 30000, 3, 90000),
('NOTA0005494', 'KDMN0000008', 19000, 1, 19000),
('NOTA0005495', 'KDMN0000009', 15000, 11, 165000),
('NOTA0005495', 'KDMN0000016', 45000, 11, 495000),
('NOTA0005496', 'KDMN0000008', 19000, 1, 19000),
('NOTA0005496', 'KDMN0000021', 20000, 1, 20000),
('NOTA0005496', 'KDMN0000018', 75000, 1, 75000),
('NOTA0005497', 'KDMN0000014', 65000, 1, 65000),
('NOTA0005497', 'KDMN0000015', 55000, 1, 55000),
('NOTA0005497', 'KDMN0000016', 45000, 1, 45000),
('NOTA0005498', 'KDMN0000006', 15000, 1, 15000),
('NOTA0005498', 'KDMN0000005', 23000, 1, 23000),
('NOTA0005498', 'KDMN0000004', 44000, 1, 44000),
('NOTA0005499', 'KDMN0000020', 30000, 1, 30000),
('NOTA0005499', 'KDMN0000017', 50000, 1, 50000),
('NOTA0005499', 'KDMN0000006', 15000, 1, 15000),
('NOTA0005499', 'KDMN0000002', 17000, 1, 17000),
('NOTA0005500', 'KDMN0000002', 17000, 1, 17000),
('NOTA0005500', 'KDMN0000005', 23000, 1, 23000),
('NOTA0005500', 'KDMN0000017', 50000, 1, 50000),
('NOTA0005500', 'KDMN0000018', 75000, 1, 75000),
('NOTA0005501', 'KDMN0000010', 46000, 2, 92000),
('NOTA0005501', 'KDMN0000011', 36000, 1, 36000),
('NOTA0005501', 'KDMN0000004', 44000, 1, 44000),
('NOTA0005502', 'KDMN0000020', 30000, 1, 30000),
('NOTA0005502', 'KDMN0000015', 55000, 1, 55000),
('NOTA0005502', 'KDMN0000003', 34000, 1, 34000),
('NOTA0005503', 'KDMN0000020', 30000, 1, 30000),
('NOTA0005503', 'KDMN0000007', 13000, 1, 13000),
('NOTA0005503', 'KDMN0000004', 44000, 1, 44000),
('NOTA0005504', 'KDMN0000019', 50000, 1, 50000),
('NOTA0005504', 'KDMN0000018', 75000, 2, 150000),
('NOTA0005505', 'KDMN0000021', 20000, 22, 440000),
('NOTA0005505', 'KDMN0000010', 46000, 22, 1012000),
('NOTA0005505', 'KDMN0000008', 19000, 2, 38000),
('NOTA0005506', 'KDMN0000021', 20000, 2, 40000),
('NOTA0005506', 'KDMN0000007', 13000, 2, 26000),
('NOTA0005506', 'KDMN0000006', 15000, 2, 30000),
('NOTA0005507', 'KDMN0000011', 36000, 1, 36000),
('NOTA0005507', 'KDMN0000021', 20000, 1, 20000),
('NOTA0005507', 'KDMN0000002', 17000, 1, 17000),
('NOTA0005508', 'KDMN0000011', 36000, 1, 36000),
('NOTA0005508', 'KDMN0000007', 13000, 1, 13000),
('NOTA0005508', 'KDMN0000022', 39996, 11, 439956),
('NOTA0005509', 'KDMN0000009', 15000, 1, 15000),
('NOTA0005509', 'KDMN0000012', 55000, 1, 55000),
('NOTA0005509', 'KDMN0000002', 17000, 1, 17000),
('NOTA0005510', 'KDMN0000016', 45000, 1, 45000),
('NOTA0005510', 'KDMN0000020', 30000, 1, 30000),
('NOTA0005510', 'KDMN0000001', 15000, 1, 15000),
('NOTA0005511', 'KDMN0000010', 46000, 2, 92000),
('NOTA0005511', 'KDMN0000009', 15000, 2, 30000),
('NOTA0005511', 'KDMN0000020', 30000, 2, 60000),
('NOTA0005512', 'KDMN0000009', 15000, 2, 30000),
('NOTA0005512', 'KDMN0000007', 13000, 2, 26000),
('NOTA0005512', 'KDMN0000003', 34000, 1, 34000),
('NOTA0005513', 'KDMN0000020', 30000, 1, 30000),
('NOTA0005513', 'KDMN0000022', 39996, 1, 39996),
('NOTA0005513', 'KDMN0000001', 15000, 1, 15000),
('NOTA0005514', 'KDMN0000009', 15000, 1, 15000),
('NOTA0005514', 'KDMN0000015', 55000, 1, 55000),
('NOTA0005514', 'KDMN0000003', 34000, 1, 34000),
('NOTA0005514', 'KDMN0000020', 30000, 1, 30000),
('NOTA0005514', 'KDMN0000019', 50000, 1, 50000),
('NOTA0005515', 'KDMN0000009', 15000, 1, 15000),
('NOTA0005515', 'KDMN0000005', 23000, 1, 23000),
('NOTA0005515', 'KDMN0000001', 15000, 1, 15000),
('NOTA0005516', 'KDMN0000016', 45000, 1, 45000),
('NOTA0005516', 'KDMN0000008', 19000, 11, 209000),
('NOTA0005516', 'KDMN0000005', 23000, 1, 23000),
('NOTA0005517', 'KDMN0000006', 15000, 11, 165000),
('NOTA0005517', 'KDMN0000009', 15000, 1, 15000),
('NOTA0005517', 'KDMN0000008', 19000, 1, 19000),
('NOTA0005518', 'KDMN0000009', 15000, 11, 165000),
('NOTA0005518', 'KDMN0000020', 30000, 1, 30000),
('NOTA0005518', 'KDMN0000007', 13000, 1, 13000),
('NOTA0005518', 'KDMN0000004', 44000, 11, 484000),
('NOTA0005519', 'KDMN0000010', 46000, 5, 230000),
('NOTA0005519', 'KDMN0000012', 55000, 5, 275000),
('NOTA0005519', 'KDMN0000020', 30000, 5, 150000),
('NOTA0005520', 'KDMN0000005', 23000, 5, 115000),
('NOTA0005520', 'KDMN0000001', 15000, 4, 60000),
('NOTA0005520', 'KDMN0000021', 20000, 4, 80000),
('NOTA0005521', 'KDMN0000009', 15000, 20, 300000),
('NOTA0005521', 'KDMN0000001', 15000, 2, 30000),
('NOTA0005522', 'KDMN0000002', 17000, 3, 51000),
('NOTA0005522', 'KDMN0000001', 15000, 1, 15000),
('NOTA0005523', 'KDMN0000013', 15000, 3, 45000),
('NOTA0005523', 'KDMN0000013', 15000, 23, 345000),
('NOTA0005523', 'KDMN0000017', 50000, 1, 50000),
('NOTA0005524', 'KDMN0000019', 50000, 2, 100000),
('NOTA0005524', 'KDMN0000001', 15000, 1, 15000),
('NOTA0005525', 'KDMN0000001', 15000, 1, 15000),
('NOTA0005525', 'KDMN0000001', 15000, 1, 15000),
('NOTA0005525', 'KDMN0000017', 50000, 2, 100000),
('NOTA0005526', 'KDMN0000017', 50000, 3, 150000),
('NOTA0005526', 'KDMN0000016', 45000, 3, 135000),
('NOTA0005526', 'KDMN0000016', 45000, 3, 135000),
('NOTA0005527', 'KDMN0000013', 15000, 1, 15000),
('NOTA0005527', 'KDMN0000014', 65000, 4, 260000),
('NOTA0005527', 'KDMN0000017', 50000, 1, 50000),
('NOTA0005527', 'KDMN0000001', 15000, 2, 30000),
('NOTA0005528', 'KDMN0000017', 50000, 2, 100000),
('NOTA0005528', 'KDMN0000003', 34000, 2, 68000),
('NOTA0005529', 'KDMN0000006', 15000, 1, 15000),
('NOTA0005529', 'KDMN0000005', 23000, 3, 69000),
('NOTA0005529', 'KDMN0000003', 34000, 1, 34000),
('NOTA0005529', 'KDMN0000003', 34000, 3, 102000),
('NOTA0005529', 'KDMN0000005', 23000, 4, 92000),
('NOTA0005529', 'KDMN0000008', 19000, 3, 57000),
('NOTA0005530', 'KDMN0000005', 23000, 6, 138000),
('NOTA0005530', 'KDMN0000022', 39996, 5, 199980),
('NOTA0005531', 'KDMN0000001', 15000, 1, 15000),
('NOTA0005532', 'KDMN0000019', 50000, 1, 50000),
('NOTA0005533', 'KDMN0000004', 44000, 2, 88000),
('NOTA0005534', 'KDMN0000001', 22, 330000, 0),
('NOTA0005535', 'KDMN0000001', 15000, 3, 45000),
('NOTA0005536', 'KDMN0000001', 15000, 23, 345000),
('NOTA0005537', 'KDMN0000001', 15000, 2, 30000),
('NOTA0005538', 'KDMN0000001', 15000, 1, 15000),
('NOTA0005539', 'KDMN0000019', 50000, 1, 50000),
('NOTA0005540', 'KDMN0000001', 15000, 12, 180000),
('NOTA0005540', 'KDMN0000001', 15000, 500, 7500000),
('NOTA0005541', 'KDMN0000012', 55000, 3, 165000),
('NOTA0005541', 'KDMN0000004', 44000, 4, 176000),
('NOTA0005541', 'KDMN0000008', 19000, 5, 95000),
('NOTA0005542', 'KDMN0000007', 13000, 4, 52000),
('NOTA0005542', 'KDMN0000010', 46000, 2, 92000),
('NOTA0005542', 'KDMN0000008', 19000, 3, 57000),
('NOTA0005542', 'KDMN0000011', 36000, 4, 144000),
('NOTA0005543', 'KDMN0000015', 55000, 4, 220000),
('NOTA0005543', 'KDMN0000015', 55000, 3, 165000),
('NOTA0005543', 'KDMN0000012', 55000, 4, 220000),
('NOTA0005543', 'KDMN0000014', 65000, 3, 195000),
('NOTA0005543', 'KDMN0000001', 15000, 4, 60000),
('NOTA0005544', 'KDMN0000001', 15000, 2, 30000),
('NOTA0005544', 'KDMN0000002', 17000, 4, 68000),
('NOTA0005545', 'KDMN0000001', 15000, 2, 30000),
('NOTA0005545', 'KDMN0000015', 55000, 3, 165000),
('NOTA0005546', 'KDMN0000001', 15000, 3, 45000),
('NOTA0005547', 'KDMN0000022', 39996, 2, 79992),
('NOTA0005547', 'KDMN0000011', 36000, 4, 144000),
('NOTA0005548', 'KDMN0000007', 13000, 100, 1300000),
('NOTA0005548', 'KDMN0000011', 36000, 6, 216000),
('NOTA0005548', 'KDMN0000001', 15000, 2, 30000),
('NOTA0005549', 'KDMN0000014', 65000, 4, 260000),
('NOTA0005549', 'KDMN0000019', 50000, 3, 150000),
('NOTA0005550', 'KDMN0000013', 15000, 4, 60000),
('NOTA0005550', 'KDMN0000017', 50000, 4, 200000),
('NOTA0005551', 'KDMN0000019', 50000, 5, 250000),
('NOTA0005551', 'KDMN0000004', 44000, 4, 176000),
('NOTA0005551', 'KDMN0000013', 15000, 5, 75000),
('NOTA0005551', 'KDMN0000018', 75000, 4, 300000),
('NOTA0005552', 'KDMN0000009', 15000, 2, 30000),
('NOTA0005552', 'KDMN0000017', 50000, 2, 100000),
('NOTA0005553', 'KDMN0000015', 55000, 4, 220000),
('NOTA0005553', 'KDMN0000019', 50000, 5, 250000),
('NOTA0005554', 'KDMN0000001', 15000, 5, 75000),
('NOTA0005555', 'KDMN0000016', 45000, 1, 45000),
('NOTA0005556', 'KDMN0000001', 15000, 2, 30000),
('NOTA0005557', 'KDMN0000001', 15000, 10, 150000),
('NOTA0005558', 'KDMN0000010', 46000, 50, 2300000),
('NOTA0005559', 'KDMN0000012', 55000, 50, 2750000),
('NOTA0005560', 'KDMN0000009', 15000, 10, 150000),
('NOTA0005561', 'KDMN0000001', 15000, 50, 750000),
('NOTA0005562', 'KDMN0000001', 15000, 50, 750000),
('NOTA0005563', 'KDMN0000004', 44000, 10, 440000),
('NOTA0005564', 'KDMN0000003', 34000, 100, 3400000),
('NOTA0005565', 'KDMN0000001', 15000, 50, 750000),
('NOTA0005566', 'KDMN0000006', 15000, 1, 15000),
('NOTA0005567', 'KDMN0000005', 23000, 1, 23000),
('NOTA0005568', 'KDMN0000002', 17000, 1, 17000),
('NOTA0005569', 'KDMN0000002', 17000, 2, 34000),
('NOTA0005570', 'KDMN0000004', 44000, 1, 44000),
('NOTA0005571', 'KDMN0000005', 23000, 1, 23000),
('NOTA0005572', 'KDMN0000003', 34000, 1, 34000),
('NOTA0005573', 'KDMN0000004', 44000, 12, 528000),
('NOTA0005573', 'KDMN0000008', 19000, 1, 19000),
('NOTA0005574', 'KDMN0000001', 15000, 2, 30000),
('NOTA0005575', 'KDMN0000001', 15000, 1, 15000),
('NOTA0005575', 'KDMN0000004', 44000, 4, 176000),
('NOTA0005575', 'KDMN0000001', 15000, 3, 45000),
('NOTA0005576', 'KDMN0000001', 15000, 10, 150000),
('NOTA0005577', 'KDMN0000002', 17000, 1, 17000),
('NOTA0005578', 'KDMN0000001', 15000, 1, 15000),
('NOTA0005579', 'KDMN0000001', 15000, 1, 15000),
('NOTA0005580', 'KDMN0000002', 17000, 1, 17000),
('NOTA0005581', 'KDMN0000001', 15000, 100, 1500000),
('NOTA0005582', 'KDMN0000009', 15000, 5, 75000),
('NOTA0005583', 'KDMN0000007', 13000, 5, 65000),
('NOTA0005583', 'KDMN0000008', 19000, 5, 95000),
('NOTA0005583', 'KDMN0000021', 20000, 5, 100000),
('NOTA0005584', 'KDMN0000003', 34000, 3, 102000),
('NOTA0005584', 'KDMN0000001', 15000, 500, 7500000),
('NOTA0005585', 'KDMN0000001', 15000, 500, 7500000),
('NOTA0005586', 'KDMN0000001', 15000, 1, 15000),
('NOTA0005587', 'KDMN0000001', 15000, 4, 60000),
('NOTA0005588', 'KDMN0000005', 23000, 1, 23000),
('NOTA0005589', 'KDMN0000007', 13000, 1, 13000),
('NOTA0005590', 'KDMN0000003', 34000, 1, 34000),
('NOTA0005591', 'KDMN0000021', 25000, 2, 50000),
('NOTA0005591', 'KDMN0000019', 50000, 3, 150000),
('NOTA0005591', 'KDMN0000022', 40000, 1, 40000),
('NOTA0005592', 'KDMN0000001', 15000, 3, 45000),
('NOTA0005592', 'KDMN0000010', 46000, 2, 92000),
('NOTA0005592', 'KDMN0000001', 15000, 1, 15000),
('NOTA0005593', '', 0, 0, 0),
('NOTA0005593', '', 0, 0, 0),
('NOTA0005593', '', 0, 0, 0),
('NOTA0005593', '', 0, 0, 0),
('NOTA0005593', '', 0, 0, 0),
('NOTA0005593', '', 0, 0, 0),
('NOTA0005593', '', 0, 0, 0),
('NOTA0005593', '', 0, 0, 0),
('NOTA0005593', '', 0, 0, 0),
('NOTA0005593', '', 0, 0, 0),
('NOTA0005593', '', 0, 0, 0),
('NOTA0005593', '', 0, 0, 0),
('NOTA0005593', '', 0, 0, 0),
('NOTA0005593', 'KDMN0000010', 46000, 1, 46000),
('NOTA0005594', 'KDMN0000002', 17000, 1, 17000),
('NOTA0005594', 'KDMN0000003', 34000, 1, 34000),
('NOTA0005595', 'KDMN0000001', 15000, 1, 15000),
('NOTA0005596', 'KDMN0000002', 17000, 1, 17000),
('NOTA0005596', 'KDMN0000002', 17000, 1, 17000),
('NOTA0005596', 'KDMN0000002', 17000, 1, 17000),
('NOTA0005596', 'KDMN0000001', 15000, 1, 15000),
('NOTA0005597', 'KDMN0000005', 23000, 1, 23000),
('NOTA0005597', 'KDMN0000002', 17000, 1, 17000),
('NOTA0005598', 'KDMN0000001', 15000, 1, 15000),
('NOTA0005599', 'KDMN0000002', 17000, 1, 17000),
('NOTA0005600', 'KDMN0000001', 15000, 1, 15000),
('NOTA0005601', 'KDMN0000001', 15000, 2, 30000),
('NOTA0005601', 'KDMN0000007', 13000, 3, 39000),
('NOTA0005601', 'KDMN0000004', 44000, 2, 88000),
('NOTA0005602', 'KDMN0000002', 17000, 1, 17000),
('NOTA0005604', 'KDMN0000005', 23000, 1, 23000),
('NOTA0005605', 'KDMN0000002', 17000, 1, 17000),
('NOTA0005606', 'KDMN0000002', 17000, 1, 17000),
('NOTA0005607', 'KDMN0000002', 17000, 1, 17000),
('NOTA0005608', 'KDMN0000001', 15000, 1, 15000),
('NOTA0005609', 'KDMN0000002', 17000, 1, 17000),
('NOTA0005609', 'KDMN0000007', 13000, 1, 13000),
('NOTA0005609', 'KDMN0000022', 40000, 1, 40000),
('NOTA0005610', 'KDMN0000001', 15000, 1, 15000),
('NOTA0005610', 'KDMN0000005', 23000, 2, 46000),
('NOTA0005610', 'KDMN0000002', 17000, 2, 34000),
('NOTA0005611', 'KDMN0000007', 13000, 2, 26000),
('NOTA0005612', 'KDMN0000009', 15000, 2, 30000),
('NOTA0005612', 'KDMN0000006', 15000, 3, 45000),
('NOTA0005612', 'KDMN0000009', 15000, 1, 15000),
('NOTA0005613', 'KDMN0000010', 46000, 3, 138000),
('NOTA0005614', 'KDMN0000007', 13000, 2, 26000),
('NOTA0005615', 'KDMN0000008', 19000, 4, 76000),
('NOTA0005616', 'KDMN0000011', 36000, 2, 72000),
('NOTA0005617', 'KDMN0000002', 17000, 1, 17000),
('NOTA0005617', 'KDMN0000004', 44000, 3, 132000),
('NOTA0005618', 'KDMN0000004', 44000, 2, 88000),
('NOTA0005619', 'KDMN0000002', 17000, 3, 51000),
('NOTA0005620', 'KDMN0000004', 44000, 3, 132000),
('NOTA0005620', 'KDMN0000007', 13000, 3, 39000),
('NOTA0005621', 'KDMN0000004', 44000, 3, 132000),
('NOTA0005622', 'KDMN0000003', 34000, 3, 102000),
('NOTA0005623', 'KDMN0000002', 17000, 4, 68000),
('NOTA0005624', 'KDMN0000002', 17000, 1, 17000),
('NOTA0005624', 'KDMN0000002', 17000, 2, 34000),
('NOTA0005624', 'KDMN0000004', 44000, 2, 88000),
('NOTA0005625', 'KDMN0000004', 44000, 2, 88000),
('NOTA0005625', 'KDMN0000004', 44000, 2, 88000),
('NOTA0005626', 'KDMN0000004', 44000, 2, 88000),
('NOTA0005627', 'KDMN0000003', 34000, 2, 68000),
('NOTA0005628', 'KDMN0000010', 46000, 2, 92000),
('NOTA0005629', 'KDMN0000009', 15000, 3, 45000),
('NOTA0005630', 'KDMN0000009', 15000, 3, 45000),
('NOTA0005630', 'KDMN0000010', 46000, 2, 92000),
('NOTA0005630', 'KDMN0000009', 15000, 1, 15000),
('NOTA0005630', 'KDMN0000010', 46000, 2, 92000),
('NOTA0005630', 'KDMN0000011', 36000, 1, 36000),
('NOTA0005631', 'KDMN0000012', 55000, 2, 110000),
('NOTA0005632', 'KDMN0000009', 15000, 2, 30000),
('NOTA0005633', 'KDMN0000001', 15000, 2, 30000),
('NOTA0005633', 'KDMN0000002', 17000, 3, 51000),
('NOTA0005634', 'KDMN0000009', 15000, 2, 30000),
('NOTA0005634', 'KDMN0000002', 17000, 2, 34000),
('NOTA0005634', 'KDMN0000002', 17000, 1, 17000),
('NOTA0005634', 'KDMN0000004', 44000, 3, 132000),
('NOTA0005635', 'KDMN0000007', 13000, 2, 26000),
('NOTA0005636', 'KDMN0000007', 13000, 1, 13000),
('NOTA0005637', 'KDMN0000020', 30000, 2, 60000),
('NOTA0005638', 'KDMN0000006', 15000, 2, 30000),
('NOTA0005638', 'KDMN0000001', 15000, 1, 15000),
('NOTA0005639', 'KDMN0000008', 19000, 2, 38000),
('', 'KDMN0000008', 19000, 2, 38000),
('NOTA0005640', 'KDMN0000005', 23000, 3, 69000),
('NOTA0005641', 'KDMN0000016', 45000, 2, 90000),
('NOTA0005641', 'KDMN0000019', 50000, 3, 150000),
('NOTA0005642', 'KDMN0000002', 17000, 1, 17000),
('NOTA0005643', 'KDMN0000004', 44000, 4, 176000),
('NOTA0005644', 'KDMN0000001', 15000, 1, 15000),
('NOTA0005645', 'KDMN0000002', 17000, 2, 34000),
('NOTA0005646', 'KDMN0000005', 23000, 2, 46000),
('NOTA0005646', 'KDMN0000016', 45000, 2, 90000),
('NOTA0005647', 'KDMN0000007', 13000, 2, 26000),
('NOTA0005647', 'KDMN0000015', 55000, 2, 110000),
('NOTA0005647', 'KDMN0000018', 75000, 3, 225000),
('NOTA0005648', 'KDMN0000018', 75000, 2, 150000),
('NOTA0005648', 'KDMN0000009', 15000, 2, 30000),
('NOTA0005648', 'KDMN0000022', 40000, 3, 120000),
('NOTA0005648', 'KDMN0000014', 65000, 3, 195000),
('NOTA0005649', 'KDMN0000006', 15000, 2, 30000),
('NOTA0005649', 'KDMN0000011', 36000, 2, 72000),
('NOTA0005649', 'KDMN0000022', 40000, 4, 160000),
('NOTA0005649', 'KDMN0000018', 75000, 2, 150000),
('NOTA0005650', 'KDMN0000022', 40000, 3, 120000),
('NOTA0005650', 'KDMN0000007', 13000, 4, 52000),
('NOTA0005650', 'KDMN0000020', 30000, 2, 60000),
('NOTA0005651', 'KDMN0000012', 55000, 4, 220000),
('NOTA0005651', 'KDMN0000010', 46000, 2, 92000),
('NOTA0005651', 'KDMN0000009', 15000, 3, 45000),
('NOTA0005651', 'KDMN0000008', 19000, 4, 76000),
('NOTA0005652', 'KDMN0000013', 15000, 2, 30000),
('NOTA0005652', 'KDMN0000005', 23000, 2, 46000),
('NOTA0005652', 'KDMN0000003', 34000, 2, 68000),
('NOTA0005652', 'KDMN0000014', 65000, 3, 195000),
('NOTA0005653', 'KDMN0000021', 25000, 1, 25000),
('NOTA0005653', 'KDMN0000020', 30000, 1, 30000),
('NOTA0005653', 'KDMN0000010', 46000, 1, 46000),
('NOTA0005653', 'KDMN0000011', 36000, 1, 36000),
('NOTA0005654', 'KDMN0000018', 75000, 2, 150000),
('NOTA0005654', 'KDMN0000017', 50000, 3, 150000),
('NOTA0005654', 'KDMN0000016', 45000, 3, 135000),
('NOTA0005655', 'KDMN0000006', 15000, 3, 45000),
('NOTA0005655', 'KDMN0000005', 23000, 1, 23000),
('NOTA0005655', 'KDMN0000007', 13000, 3, 39000),
('NOTA0005655', 'KDMN0000008', 19000, 3, 57000),
('NOTA0005655', 'KDMN0000009', 15000, 2, 30000),
('NOTA0005656', 'KDMN0000006', 15000, 3, 45000),
('NOTA0005656', 'KDMN0000007', 13000, 4, 52000),
('NOTA0005656', 'KDMN0000008', 19000, 3, 57000),
('NOTA0005656', 'KDMN0000009', 15000, 3, 45000),
('NOTA0005656', 'KDMN0000013', 15000, 2, 30000),
('NOTA0005657', 'KDMN0000019', 50000, 2, 100000),
('NOTA0005657', 'KDMN0000018', 75000, 3, 225000),
('NOTA0005657', 'KDMN0000016', 45000, 2, 90000),
('NOTA0005657', 'KDMN0000017', 50000, 2, 100000),
('NOTA0005657', 'KDMN0000015', 55000, 2, 110000),
('NOTA0005657', 'KDMN0000014', 65000, 3, 195000),
('NOTA0005658', 'KDMN0000010', 46000, 5, 230000),
('NOTA0005658', 'KDMN0000011', 36000, 4, 144000),
('NOTA0005658', 'KDMN0000004', 44000, 3, 132000),
('NOTA0005658', 'KDMN0000005', 23000, 3, 69000),
('NOTA0005658', 'KDMN0000003', 34000, 4, 136000),
('NOTA0005659', 'KDMN0000016', 45000, 3, 135000),
('NOTA0005659', 'KDMN0000015', 55000, 4, 220000),
('NOTA0005659', 'KDMN0000013', 15000, 3, 45000),
('NOTA0005660', 'KDMN0000001', 15000, 1, 15000),
('NOTA0005660', 'KDMN0000002', 17000, 2, 34000),
('NOTA0005660', 'KDMN0000006', 15000, 3, 45000),
('NOTA0005661', 'KDMN0000022', 40000, 2, 80000),
('NOTA0005661', 'KDMN0000020', 30000, 2, 60000),
('NOTA0005662', 'KDMN0000016', 45000, 2, 90000),
('NOTA0005662', 'KDMN0000007', 13000, 3, 39000),
('NOTA0005662', 'KDMN0000008', 19000, 3, 57000),
('NOTA0005663', 'KDMN0000011', 36000, 5, 180000),
('NOTA0005663', 'KDMN0000010', 46000, 3, 138000),
('NOTA0005663', 'KDMN0000013', 15000, 5, 75000),
('NOTA0005664', 'KDMN0000017', 50000, 3, 150000),
('NOTA0005664', 'KDMN0000021', 25000, 3, 75000),
('NOTA0005665', 'KDMN0000008', 19000, 4, 76000),
('NOTA0005665', 'KDMN0000007', 13000, 5, 65000),
('NOTA0005665', 'KDMN0000013', 15000, 5, 75000),
('NOTA0005666', 'KDMN0000018', 75000, 4, 300000),
('NOTA0005666', 'KDMN0000017', 50000, 3, 150000),
('NOTA0005666', 'KDMN0000019', 50000, 2, 100000),
('NOTA0005666', 'KDMN0000015', 55000, 3, 165000),
('NOTA0005667', 'KDMN0000008', 19000, 3, 57000),
('NOTA0005667', 'KDMN0000009', 15000, 2, 30000),
('NOTA0005667', 'KDMN0000010', 46000, 2, 92000),
('NOTA0005667', 'KDMN0000012', 55000, 2, 110000),
('NOTA0005668', 'KDMN0000016', 45000, 2, 90000),
('NOTA0005668', 'KDMN0000017', 50000, 3, 150000),
('NOTA0005668', 'KDMN0000015', 55000, 4, 220000),
('NOTA0005668', 'KDMN0000014', 65000, 5, 325000),
('NOTA0005669', 'KDMN0000011', 36000, 3, 108000),
('NOTA0005669', 'KDMN0000010', 46000, 4, 184000),
('NOTA0005669', 'KDMN0000009', 15000, 5, 75000),
('NOTA0005670', 'KDMN0000022', 40000, 4, 160000),
('NOTA0005670', 'KDMN0000020', 30000, 4, 120000),
('NOTA0005670', 'KDMN0000020', 30000, 3, 90000),
('NOTA0005671', 'KDMN0000003', 34000, 4, 136000),
('NOTA0005671', 'KDMN0000004', 44000, 3, 132000),
('NOTA0005671', 'KDMN0000005', 23000, 5, 115000),
('NOTA0005672', 'KDMN0000017', 50000, 4, 200000),
('NOTA0005672', 'KDMN0000007', 13000, 10, 130000),
('NOTA0005672', 'KDMN0000008', 19000, 20, 380000),
('NOTA0005672', 'KDMN0000009', 15000, 10, 150000),
('NOTA0005673', 'KDMN0000008', 19000, 2, 38000),
('NOTA0005673', 'KDMN0000007', 13000, 4, 52000),
('NOTA0005673', 'KDMN0000013', 15000, 6, 90000),
('NOTA0005673', 'KDMN0000002', 17000, 3, 51000),
('NOTA0005674', 'KDMN0000014', 65000, 4, 260000),
('NOTA0005674', 'KDMN0000017', 50000, 4, 200000),
('NOTA0005674', 'KDMN0000020', 30000, 3, 90000),
('NOTA0005675', 'KDMN0000005', 23000, 5, 115000),
('NOTA0005675', 'KDMN0000010', 46000, 4, 184000),
('NOTA0005675', 'KDMN0000011', 36000, 3, 108000),
('NOTA0005676', 'KDMN0000007', 13000, 1, 13000),
('NOTA0005676', 'KDMN0000008', 19000, 1, 19000),
('NOTA0005676', 'KDMN0000013', 15000, 1, 15000),
('NOTA0005676', 'KDMN0000009', 15000, 1, 15000),
('NOTA0005677', 'KDMN0000005', 23000, 1, 23000),
('NOTA0005677', 'KDMN0000006', 15000, 1, 15000),
('NOTA0005677', 'KDMN0000011', 36000, 1, 36000),
('NOTA0005678', 'KDMN0000015', 55000, 1, 55000),
('NOTA0005678', 'KDMN0000014', 65000, 1, 65000),
('NOTA0005678', 'KDMN0000013', 15000, 1, 15000),
('NOTA0005679', 'KDMN0000020', 30000, 2, 60000),
('NOTA0005679', 'KDMN0000022', 40000, 4, 160000),
('NOTA0005680', 'KDMN0000017', 50000, 3, 150000),
('NOTA0005680', 'KDMN0000010', 46000, 3, 138000),
('NOTA0005680', 'KDMN0000004', 44000, 3, 132000),
('NOTA0005681', 'KDMN0000005', 23000, 4, 92000),
('NOTA0005681', 'KDMN0000007', 13000, 4, 52000),
('NOTA0005681', 'KDMN0000008', 19000, 3, 57000),
('NOTA0005682', 'KDMN0000016', 45000, 4, 180000),
('NOTA0005682', 'KDMN0000011', 36000, 3, 108000),
('NOTA0005682', 'KDMN0000001', 15000, 3, 45000),
('NOTA0005682', 'KDMN0000003', 34000, 3, 102000),
('NOTA0005683', 'KDMN0000007', 13000, 2, 26000),
('NOTA0005683', 'KDMN0000008', 19000, 2, 38000),
('NOTA0005683', 'KDMN0000006', 15000, 3, 45000),
('NOTA0005684', 'KDMN0000006', 15000, 1, 15000),
('NOTA0005684', 'KDMN0000007', 13000, 1, 13000),
('NOTA0005684', 'KDMN0000008', 19000, 1, 19000),
('NOTA0005685', 'KDMN0000006', 15000, 1, 15000),
('NOTA0005685', 'KDMN0000007', 13000, 1, 13000),
('NOTA0005685', 'KDMN0000008', 19000, 2, 38000),
('NOTA0005686', 'KDMN0000008', 19000, 2, 38000),
('NOTA0005686', 'KDMN0000007', 13000, 3, 39000),
('NOTA0005686', 'KDMN0000009', 15000, 3, 45000),
('NOTA0005686', 'KDMN0000006', 15000, 1, 15000),
('NOTA0005687', 'KDMN0000007', 13000, 2, 26000),
('NOTA0005687', 'KDMN0000006', 15000, 3, 45000),
('NOTA0005687', 'KDMN0000009', 15000, 2, 30000),
('NOTA0005687', 'KDMN0000008', 19000, 3, 57000),
('NOTA0005688', 'KDMN0000009', 15000, 2, 30000),
('NOTA0005688', 'KDMN0000008', 19000, 2, 38000),
('NOTA0005688', 'KDMN0000007', 13000, 1, 13000),
('NOTA0005688', 'KDMN0000006', 15000, 1, 15000),
('NOTA0005688', 'KDMN0000013', 15000, 1, 15000),
('NOTA0005689', 'KDMN0000013', 15000, 1, 15000),
('NOTA0005689', 'KDMN0000006', 15000, 2, 30000),
('NOTA0005689', 'KDMN0000007', 13000, 3, 39000),
('NOTA0005689', 'KDMN0000008', 19000, 3, 57000),
('NOTA0005689', 'KDMN0000009', 15000, 2, 30000),
('NOTA0005689', 'KDMN0000002', 17000, 3, 51000),
('NOTA0005690', 'KDMN0000023', 30000, 3, 90000),
('NOTA0005690', 'KDMN0000009', 15000, 4, 60000),
('NOTA0005690', 'KDMN0000022', 40000, 3, 120000),
('NOTA0005691', 'KDMN0000006', 15000, 20, 300000),
('NOTA0005691', 'KDMN0000007', 13000, 20, 260000),
('NOTA0005691', 'KDMN0000008', 19000, 20, 380000),
('NOTA0005691', 'KDMN0000023', 30000, 12, 360000),
('NOTA0005691', 'KDMN0000013', 15000, 15, 225000),
('NOTA0005692', 'KDMN0000006', 15000, 3, 45000),
('NOTA0005692', 'KDMN0000008', 19000, 4, 76000),
('NOTA0005692', 'KDMN0000023', 30000, 3, 90000),
('NOTA0005693', 'KDMN0000022', 40000, 5, 200000),
('NOTA0005693', 'KDMN0000023', 30000, 5, 150000),
('NOTA0005693', 'KDMN0000020', 30000, 3, 90000),
('NOTA0005694', 'KDMN0000001', 15000, 4, 60000),
('NOTA0005694', 'KDMN0000002', 17000, 7, 119000),
('NOTA0005694', 'KDMN0000013', 15000, 6, 90000),
('NOTA0005695', 'KDMN0000010', 46000, 5, 230000),
('NOTA0005695', 'KDMN0000004', 44000, 8, 352000),
('NOTA0005695', 'KDMN0000003', 34000, 3, 102000),
('NOTA0005695', 'KDMN0000010', 46000, 7, 322000),
('NOTA0005696', 'KDMN0000017', 50000, 5, 250000),
('NOTA0005696', 'KDMN0000016', 45000, 5, 225000),
('NOTA0005696', 'KDMN0000012', 55000, 6, 330000),
('NOTA0005697', 'KDMN0000007', 13000, 20, 260000),
('NOTA0005697', 'KDMN0000008', 19000, 20, 380000),
('NOTA0005698', 'KDMN0000009', 15000, 5, 75000),
('NOTA0005698', 'KDMN0000013', 15000, 6, 90000),
('NOTA0005698', 'KDMN0000014', 65000, 2, 130000),
('NOTA0005699', 'KDMN0000008', 19000, 1, 19000),
('NOTA0005699', 'KDMN0000007', 13000, 2, 26000),
('NOTA0005699', 'KDMN0000009', 15000, 6, 90000),
('NOTA0005699', 'KDMN0000013', 15000, 5, 75000),
('NOTA0005700', 'KDMN0000004', 44000, 3, 132000),
('NOTA0005700', 'KDMN0000023', 30000, 2, 60000),
('NOTA0005700', 'KDMN0000021', 25000, 3, 75000),
('NOTA0005701', 'KDMN0000021', 25000, 2, 50000),
('NOTA0005701', 'KDMN0000018', 75000, 3, 225000),
('NOTA0005701', 'KDMN0000019', 50000, 3, 150000),
('NOTA0005702', 'KDMN0000026', 32000, 2, 64000),
('NOTA0005702', 'KDMN0000025', 27000, 3, 81000),
('NOTA0005702', 'KDMN0000024', 19000, 3, 57000),
('NOTA0005703', 'KDMN0000010', 46000, 2, 92000),
('NOTA0005703', 'KDMN0000022', 40000, 2, 80000),
('NOTA0005703', 'KDMN0000017', 50000, 2, 100000),
('NOTA0005704', 'KDMN0000011', 36000, 4, 144000),
('NOTA0005704', 'KDMN0000023', 30000, 3, 90000),
('NOTA0005704', 'KDMN0000026', 32000, 4, 128000),
('NOTA0005705', 'KDMN0000001', 15000, 2, 30000),
('NOTA0005705', 'KDMN0000014', 65000, 2, 130000),
('NOTA0005705', 'KDMN0000025', 27000, 2, 54000),
('NOTA0005705', 'KDMN0000024', 19000, 2, 38000),
('NOTA0005706', 'KDMN0000022', 40000, 3, 120000),
('NOTA0005706', 'KDMN0000017', 50000, 3, 150000),
('NOTA0005706', 'KDMN0000002', 17000, 3, 51000),
('NOTA0005706', 'KDMN0000016', 45000, 3, 135000),
('NOTA0005707', 'KDMN0000023', 30000, 2, 60000),
('NOTA0005707', 'KDMN0000025', 27000, 2, 54000),
('NOTA0005707', 'KDMN0000024', 19000, 2, 38000),
('NOTA0005707', 'KDMN0000026', 32000, 3, 96000),
('NOTA0005708', 'KDMN0000021', 25000, 2, 50000),
('NOTA0005708', 'KDMN0000008', 19000, 2, 38000),
('NOTA0005708', 'KDMN0000007', 13000, 2, 26000),
('NOTA0005709', 'KDMN0000008', 19000, 2, 38000),
('NOTA0005709', 'KDMN0000007', 13000, 2, 26000),
('NOTA0005709', 'KDMN0000013', 15000, 2, 30000),
('NOTA0005709', 'KDMN0000002', 17000, 2, 34000),
('NOTA0005710', 'KDMN0000025', 27000, 3, 81000),
('NOTA0005710', 'KDMN0000024', 19000, 3, 57000),
('NOTA0005711', 'KDMN0000026', 32000, 1, 32000),
('NOTA0005711', 'KDMN0000015', 55000, 2, 110000),
('NOTA0005712', 'KDMN0000010', 46000, 10, 460000),
('NOTA0005712', 'KDMN0000011', 36000, 10, 360000),
('NOTA0005713', 'KDMN0000012', 55000, 10, 550000),
('NOTA0005713', 'KDMN0000004', 44000, 15, 660000),
('NOTA0005713', 'KDMN0000005', 23000, 15, 345000),
('NOTA0005713', 'KDMN0000003', 34000, 15, 510000),
('NOTA0005714', 'KDMN0000019', 50000, 3, 150000),
('NOTA0005714', 'KDMN0000011', 36000, 2, 72000),
('NOTA0005714', 'KDMN0000017', 50000, 2, 100000),
('NOTA0005715', 'KDMN0000026', 32000, 2, 64000),
('NOTA0005715', 'KDMN0000025', 27000, 3, 81000),
('NOTA0005715', 'KDMN0000024', 19000, 2, 38000),
('NOTA0005716', 'KDMN0000006', 15000, 2, 30000),
('NOTA0005716', 'KDMN0000007', 13000, 2, 26000),
('NOTA0005716', 'KDMN0000008', 19000, 2, 38000),
('NOTA0005716', 'KDMN0000013', 15000, 2, 30000),
('NOTA0005718', 'KDMN0000001', 15000, 3, 45000),
('NOTA0005718', 'KDMN0000002', 17000, 3, 51000),
('NOTA0005718', 'KDMN0000022', 40000, 2, 80000),
('NOTA0005719', 'KDMN0000015', 55000, 1, 55000),
('NOTA0005719', 'KDMN0000016', 45000, 1, 45000),
('NOTA0005719', 'KDMN0000014', 65000, 1, 65000),
('NOTA0005719', 'KDMN0000026', 32000, 2, 64000),
('NOTA0005719', 'KDMN0000022', 40000, 2, 80000),
('NOTA0005720', 'KDMN0000006', 15000, 2, 30000),
('NOTA0005720', 'KDMN0000013', 15000, 3, 45000),
('NOTA0005720', 'KDMN0000023', 30000, 2, 60000),
('NOTA0005720', 'KDMN0000009', 15000, 3, 45000),
('NOTA0005721', 'KDMN0000006', 15000, 3, 45000),
('NOTA0005721', 'KDMN0000007', 13000, 3, 39000),
('NOTA0005721', 'KDMN0000008', 19000, 3, 57000),
('NOTA0005721', 'KDMN0000009', 15000, 3, 45000),
('NOTA0005721', 'KDMN0000013', 15000, 3, 45000),
('NOTA0005721', 'KDMN0000002', 17000, 3, 51000),
('NOTA0005721', 'KDMN0000023', 30000, 4, 120000),
('NOTA0005721', 'KDMN0000026', 32000, 2, 64000),
('NOTA0005722', 'KDMN0000026', 32000, 5, 160000),
('NOTA0005722', 'KDMN0000023', 30000, 3, 90000),
('NOTA0005722', 'KDMN0000020', 30000, 3, 90000),
('NOTA0005722', 'KDMN0000012', 55000, 4, 220000),
('NOTA0005723', 'KDMN0000006', 15000, 3, 45000),
('NOTA0005724', 'KDMN0000007', 13000, 4, 52000);

-- --------------------------------------------------------

--
-- Table structure for table `penjualan`
--

CREATE TABLE `penjualan` (
  `nonota` char(11) NOT NULL,
  `tanggal` date NOT NULL,
  `total` int(10) NOT NULL,
  `bayar` int(11) NOT NULL,
  `kembalian` int(11) NOT NULL
) ENGINE=InnoDB DEFAULT CHARSET=latin1;

--
-- Dumping data for table `penjualan`
--

INSERT INTO `penjualan` (`nonota`, `tanggal`, `total`, `bayar`, `kembalian`) VALUES
('NOTA0005421', '2021-11-01', 560000, 600000, 40000),
('NOTA0005422', '2021-11-02', 11540000, 11600000, 60000),
('NOTA0005423', '2021-11-03', 3377000, 3400000, 23000),
('NOTA0005424', '2021-11-04', 289000, 300000, 11000),
('NOTA0005425', '2021-11-05', 2590000, 2600000, 10000),
('NOTA0005426', '2021-11-06', 537000, 600000, 63000),
('NOTA0005427', '2021-11-07', 456000, 500000, 44000),
('NOTA0005428', '2021-11-08', 900000, 900000, 0),
('NOTA0005429', '2021-11-09', 620000, 650000, 30000),
('NOTA0005430', '2021-11-10', 736000, 800000, 64000),
('NOTA0005431', '2021-11-11', 705000, 750000, 45000),
('NOTA0005432', '2021-11-12', 615000, 700000, 85000),
('NOTA0005433', '2021-11-13', 497000, 500000, 3000),
('NOTA0005434', '2021-11-14', 492000, 500000, 8000),
('NOTA0005435', '2021-11-15', 780000, 800000, 20000),
('NOTA0005436', '2021-11-16', 186000, 200000, 14000),
('NOTA0005437', '2021-11-17', 385000, 400000, 15000),
('NOTA0005438', '2021-11-18', 220000, 250000, 30000),
('NOTA0005439', '2021-11-19', 77000, 100000, 23000),
('NOTA0005440', '2021-11-20', 840000, 900000, 60000),
('NOTA0005441', '2021-11-21', 15000, 50000, 35000),
('NOTA0005442', '2021-11-22', 178000, 200000, 22000),
('NOTA0005443', '2021-11-23', 94000, 100000, 6000),
('NOTA0005444', '2021-11-24', 437000, 450000, 13000),
('NOTA0005445', '2021-11-25', 503000, 550000, 47000),
('NOTA0005446', '2021-11-26', 370000, 400000, 30000),
('NOTA0005447', '2021-11-27', 120000, 150000, 30000),
('NOTA0005448', '2021-11-28', 153000, 200000, 47000),
('NOTA0005449', '2021-11-29', 132000, 200000, 68000),
('NOTA0005450', '2021-11-30', 429000, 500000, 71000),
('NOTA0005451', '2021-12-01', 399000, 400000, 1000),
('NOTA0005452', '2021-12-02', 240000, 250000, 10000),
('NOTA0005453', '2021-12-03', 800000, 800000, 0),
('NOTA0005454', '2021-12-04', 132000, 200000, 68000),
('NOTA0005455', '2021-12-05', 220000, 300000, 80000),
('NOTA0005456', '2021-12-06', 162000, 200000, 38000),
('NOTA0005457', '2021-12-07', 144000, 200000, 56000),
('NOTA0005458', '2021-12-08', 183000, 200000, 17000),
('NOTA0005459', '2021-12-09', 341000, 350000, 9000),
('NOTA0005460', '2021-12-10', 103000, 150000, 47000),
('NOTA0005461', '2021-12-11', 386000, 400000, 14000),
('NOTA0005462', '2021-12-12', 135000, 200000, 65000),
('NOTA0005463', '2021-12-13', 1000000, 1000000, 0),
('NOTA0005464', '2021-12-14', 270000, 300000, 30000),
('NOTA0005465', '2021-12-15', 443000, 500000, 57000),
('NOTA0005466', '2021-12-16', 60000, 100000, 40000),
('NOTA0005467', '2021-12-17', 234000, 300000, 66000),
('NOTA0005468', '2021-12-18', 619000, 700000, 81000),
('NOTA0005469', '2021-12-19', 198000, 200000, 2000),
('NOTA0005470', '2021-12-20', 134000, 200000, 66000),
('NOTA0005471', '2021-12-21', 80000, 100000, 20000),
('NOTA0005472', '2021-12-22', 110000, 150000, 40000),
('NOTA0005473', '2021-12-23', 73000, 100000, 27000),
('NOTA0005474', '2021-12-24', 134000, 150000, 16000),
('NOTA0005475', '2021-12-25', 89000, 100000, 11000),
('NOTA0005476', '2021-12-26', 693000, 700000, 7000),
('NOTA0005477', '2021-12-27', 789000, 800000, 11000),
('NOTA0005478', '2021-12-29', 1045000, 1100000, 55000),
('NOTA0005479', '2021-12-30', 1210000, 1300000, 90000),
('NOTA0005480', '2021-12-31', 1092000, 1100000, 8000),
('NOTA0005481', '2022-01-01', 400000, 400000, 0),
('NOTA0005482', '2022-01-02', 150000, 200000, 50000),
('NOTA0005483', '2022-01-03', 150000, 200000, 50000),
('NOTA0005484', '2022-01-04', 505000, 600000, 95000),
('NOTA0005485', '2022-01-05', 251000, 300000, 49000),
('NOTA0005486', '2022-01-06', 155000, 200000, 45000),
('NOTA0005487', '2022-01-07', 625000, 700000, 75000),
('NOTA0005488', '2022-01-08', 228000, 300000, 72000),
('NOTA0005489', '2022-01-09', 424000, 500000, 76000),
('NOTA0005490', '2022-01-10', 2525000, 2600000, 75000),
('NOTA0005491', '2022-01-11', 8100000, 8100000, 0),
('NOTA0005492', '2022-01-12', 325000, 400000, 75000),
('NOTA0005493', '2022-01-13', 488000, 500000, 12000),
('NOTA0005494', '2022-01-14', 109000, 110000, 1000),
('NOTA0005495', '2022-01-15', 660000, 700000, 40000),
('NOTA0005496', '2022-01-16', 114000, 150000, 36000),
('NOTA0005497', '2022-01-17', 165000, 200000, 35000),
('NOTA0005498', '2022-01-18', 82000, 100000, 18000),
('NOTA0005499', '2022-01-19', 112000, 200000, 88000),
('NOTA0005500', '2022-01-20', 165000, 200000, 35000),
('NOTA0005501', '2022-01-21', 172000, 200000, 28000),
('NOTA0005502', '2022-01-22', 119000, 200000, 81000),
('NOTA0005503', '2022-01-23', 87000, 100000, 13000),
('NOTA0005504', '2022-01-24', 200000, 200000, 0),
('NOTA0005505', '2022-01-25', 1490000, 1500000, 10000),
('NOTA0005506', '2022-01-26', 96000, 100000, 4000),
('NOTA0005507', '2022-01-27', 73000, 100000, 27000),
('NOTA0005508', '2022-01-28', 489000, 500000, 11000),
('NOTA0005509', '2022-01-29', 87000, 100000, 13000),
('NOTA0005510', '2022-01-30', 90000, 100000, 10000),
('NOTA0005511', '2022-01-31', 182000, 200000, 18000),
('NOTA0005512', '2022-02-01', 90000, 100000, 10000),
('NOTA0005513', '2022-02-02', 85000, 100000, 15000),
('NOTA0005514', '2022-02-03', 184000, 200000, 16000),
('NOTA0005515', '2022-02-04', 53000, 100000, 47000),
('NOTA0005516', '2022-02-05', 277000, 300000, 23000),
('NOTA0005517', '2022-02-06', 199000, 200000, 1000),
('NOTA0005518', '2022-02-07', 692000, 700000, 8000),
('NOTA0005519', '2022-02-08', 655000, 700000, 45000),
('NOTA0005520', '2022-02-09', 255000, 300000, 45000),
('NOTA0005642', '2022-02-10', 17000, 100000, 83000),
('NOTA0005643', '2022-02-10', 176000, 200000, 24000),
('NOTA0005644', '2022-02-10', 15000, 50000, 35000),
('NOTA0005645', '2022-02-11', 34000, 50000, 16000),
('NOTA0005646', '2022-02-11', 136000, 200000, 64000),
('NOTA0005647', '2022-02-12', 361000, 400000, 39000),
('NOTA0005648', '2022-02-13', 495000, 500000, 5000),
('NOTA0005649', '2022-02-13', 412000, 500000, 88000),
('NOTA0005650', '2022-02-13', 232000, 300000, 68000),
('NOTA0005651', '2022-02-13', 433000, 500000, 67000),
('NOTA0005652', '2022-02-13', 339000, 350000, 11000),
('NOTA0005653', '2022-02-14', 137000, 150000, 13000),
('NOTA0005654', '2022-02-15', 435000, 500000, 65000),
('NOTA0005655', '2022-02-16', 194000, 200000, 6000),
('NOTA0005656', '2022-02-17', 229000, 300000, 71000),
('NOTA0005657', '2022-02-18', 820000, 900000, 80000),
('NOTA0005658', '2022-02-19', 711000, 750000, 39000),
('NOTA0005659', '2022-02-19', 400000, 400000, 0),
('NOTA0005660', '2022-02-19', 94000, 100000, 6000),
('NOTA0005661', '2022-02-20', 140000, 200000, 60000),
('NOTA0005662', '2022-02-20', 186000, 200000, 14000),
('NOTA0005663', '2022-02-20', 393000, 400000, 7000),
('NOTA0005664', '2022-02-20', 225000, 300000, 75000),
('NOTA0005665', '2022-02-20', 216000, 250000, 34000),
('NOTA0005666', '2022-02-20', 715000, 800000, 85000),
('NOTA0005667', '2022-02-21', 289000, 300000, 11000),
('NOTA0005668', '2022-02-22', 785000, 800000, 15000),
('NOTA0005669', '2022-02-23', 367000, 400000, 33000),
('NOTA0005670', '2022-02-24', 370000, 400000, 30000),
('NOTA0005671', '2022-02-25', 383000, 400000, 17000),
('NOTA0005672', '2022-02-25', 860000, 900000, 40000),
('NOTA0005673', '2022-02-26', 231000, 300000, 69000),
('NOTA0005674', '2022-02-26', 550000, 600000, 50000),
('NOTA0005675', '2022-02-26', 407000, 500000, 93000),
('NOTA0005676', '2022-02-27', 62000, 100000, 38000),
('NOTA0005677', '2022-02-27', 74000, 100000, 26000),
('NOTA0005678', '2022-02-27', 135000, 200000, 65000),
('NOTA0005679', '2022-02-27', 220000, 250000, 30000),
('NOTA0005680', '2022-02-27', 420000, 500000, 80000),
('NOTA0005681', '2022-02-27', 201000, 300000, 99000),
('NOTA0005682', '2022-02-28', 435000, 500000, 65000),
('NOTA0005683', '2022-03-01', 109000, 110000, 1000),
('NOTA0005684', '2022-03-02', 47000, 50000, 3000),
('NOTA0005685', '2022-03-03', 66000, 100000, 34000),
('NOTA0005686', '2022-03-04', 137000, 200000, 63000),
('NOTA0005687', '2022-03-04', 158000, 200000, 42000),
('NOTA0005688', '2022-03-05', 111000, 150000, 39000),
('NOTA0005689', '2022-03-05', 222000, 300000, 78000),
('NOTA0005690', '2022-03-05', 270000, 300000, 30000),
('NOTA0005691', '2022-03-06', 1525000, 1600000, 75000),
('NOTA0005692', '2022-03-06', 211000, 300000, 89000),
('NOTA0005693', '2022-03-06', 440000, 500000, 60000),
('NOTA0005694', '2022-03-06', 269000, 300000, 31000),
('NOTA0005695', '2022-03-06', 1006000, 1100000, 94000),
('NOTA0005696', '2022-03-06', 805000, 900000, 95000),
('NOTA0005697', '2022-03-07', 640000, 700000, 60000),
('NOTA0005698', '2022-03-07', 295000, 300000, 5000),
('NOTA0005699', '2022-03-08', 210000, 250000, 40000),
('NOTA0005700', '2022-03-08', 267000, 300000, 33000),
('NOTA0005701', '2022-03-09', 425000, 500000, 75000),
('NOTA0005702', '2022-03-10', 202000, 300000, 98000),
('NOTA0005703', '2022-03-11', 272000, 300000, 28000),
('NOTA0005704', '2022-03-11', 362000, 400000, 38000),
('NOTA0005705', '2022-03-11', 252000, 300000, 48000),
('NOTA0005706', '2022-03-12', 456000, 500000, 44000),
('NOTA0005707', '2022-03-12', 248000, 300000, 52000),
('NOTA0005708', '2022-03-12', 114000, 150000, 36000),
('NOTA0005709', '2022-03-12', 128000, 200000, 72000),
('NOTA0005710', '2022-03-13', 138000, 150000, 12000),
('NOTA0005711', '2022-03-13', 142000, 150000, 8000),
('NOTA0005712', '2022-03-13', 820000, 900000, 80000),
('NOTA0005713', '2022-03-13', 2065000, 2100000, 35000),
('NOTA0005714', '2022-03-14', 322000, 400000, 78000),
('NOTA0005715', '2022-03-15', 183000, 200000, 17000),
('NOTA0005716', '2022-03-16', 124000, 200000, 76000),
('NOTA0005718', '2022-03-16', 176000, 200000, 24000),
('NOTA0005719', '2022-03-17', 309000, 400000, 91000),
('NOTA0005720', '2022-03-18', 180000, 200000, 20000),
('NOTA0005721', '2022-03-18', 466000, 500000, 34000),
('NOTA0005722', '2022-03-19', 560000, 600000, 40000),
('NOTA0005723', '2022-08-18', 45000, 50000, 5000),
('NOTA0005724', '2022-08-18', 52000, 100000, 48000);

-- --------------------------------------------------------

--
-- Table structure for table `tblsementara`
--

CREATE TABLE `tblsementara` (
  `kd_menu` char(11) DEFAULT NULL,
  `harga` int(10) DEFAULT NULL,
  `jumlah` int(5) DEFAULT NULL,
  `subtotal` int(10) DEFAULT NULL,
  `bayar` int(11) NOT NULL,
  `kembalian` int(11) NOT NULL
) ENGINE=InnoDB DEFAULT CHARSET=latin1 ROW_FORMAT=COMPACT;

--
-- Dumping data for table `tblsementara`
--

INSERT INTO `tblsementara` (`kd_menu`, `harga`, `jumlah`, `subtotal`, `bayar`, `kembalian`) VALUES
('KDMN0000004', 44000, 3, 132000, 0, 0);

-- --------------------------------------------------------

--
-- Table structure for table `tb_akun`
--

CREATE TABLE `tb_akun` (
  `kd_akun` char(11) NOT NULL,
  `username` varchar(25) DEFAULT NULL,
  `password` varchar(50) DEFAULT NULL,
  `kd_pegawai` char(11) DEFAULT NULL,
  `hak_akses` varchar(15) DEFAULT NULL
) ENGINE=InnoDB DEFAULT CHARSET=latin1;

--
-- Dumping data for table `tb_akun`
--

INSERT INTO `tb_akun` (`kd_akun`, `username`, `password`, `kd_pegawai`, `hak_akses`) VALUES
('KD000000001', 'fairuz', '408e631e9f27e96802d349725a0e979d', 'PGPS0000001', 'manajer'),
('KD000000002', 'luqman', '4781c13b4bf9b7288a343fd274ff0310', 'PGPS0000002', 'admin');

-- --------------------------------------------------------

--
-- Table structure for table `tb_assosiasi`
--

CREATE TABLE `tb_assosiasi` (
  `id` int(11) NOT NULL,
  `itemset` varchar(250) NOT NULL,
  `item` varchar(250) NOT NULL,
  `level` varchar(12) NOT NULL,
  `support1` float NOT NULL,
  `support2` float NOT NULL,
  `confidence` float NOT NULL
) ENGINE=InnoDB DEFAULT CHARSET=latin1;

--
-- Dumping data for table `tb_assosiasi`
--

INSERT INTO `tb_assosiasi` (`id`, `itemset`, `item`, `level`, `support1`, `support2`, `confidence`) VALUES
(1, 'KDMN0000008 THEN KDMN0000007', 'Setelan Anak Panjang Gapura Coklat THEN Setelan Anak Pendek Gapura Coklat', 'L2', 15.12, 24.42, 61.92),
(2, 'KDMN0000007 THEN KDMN0000008', 'Setelan Anak Pendek Gapura Coklat THEN Setelan Anak Panjang Gapura Coklat', 'L2', 15.12, 24.42, 61.92),
(3, 'KDMN0000009 THEN KDMN0000008', 'Kaos Menoro Coklat THEN Setelan Anak Panjang Gapura Coklat', 'L2', 9.88, 23.26, 42.48),
(4, 'KDMN0000008 THEN KDMN0000009', 'Setelan Anak Panjang Gapura Coklat THEN Kaos Menoro Coklat', 'L2', 9.88, 24.42, 40.46),
(5, 'KDMN0000009 THEN KDMN0000007', 'Kaos Menoro Coklat THEN Setelan Anak Pendek Gapura Coklat', 'L2', 9.88, 23.26, 42.48),
(6, 'KDMN0000007 THEN KDMN0000009', 'Setelan Anak Pendek Gapura Coklat THEN Kaos Menoro Coklat', 'L2', 9.88, 24.42, 40.46),
(7, 'KDMN0000006 THEN KDMN0000008', 'Kaos Gapura Coklat THEN Setelan Anak Panjang Gapura Coklat', 'L2', 8.72, 15.7, 55.54),
(8, 'KDMN0000008 THEN KDMN0000006', 'Setelan Anak Panjang Gapura Coklat THEN Kaos Gapura Coklat', 'L2', 8.72, 24.42, 35.71);

-- --------------------------------------------------------

--
-- Table structure for table `tb_eliminasi`
--

CREATE TABLE `tb_eliminasi` (
  `id` int(11) NOT NULL,
  `itemset` varchar(250) NOT NULL,
  `item` varchar(200) NOT NULL,
  `supcount` int(11) NOT NULL,
  `support` float NOT NULL
) ENGINE=InnoDB DEFAULT CHARSET=latin1;

--
-- Dumping data for table `tb_eliminasi`
--

INSERT INTO `tb_eliminasi` (`id`, `itemset`, `item`, `supcount`, `support`) VALUES
(1, 'KDMN0000025', 'Celana Kolor Jumbo', 4, 2.33),
(2, 'KDMN0000024', 'Celana Kolor Sedang', 4, 2.33),
(3, 'KDMN0000012', 'Kain Batik', 12, 6.98),
(4, 'KDMN0000019', 'Kemeja Pendek', 13, 7.56),
(5, 'KDMN0000023', 'Rok Batik Printing', 7, 4.07),
(6, 'KDMN0000026', 'Rok Kulot', 4, 2.33);

-- --------------------------------------------------------

--
-- Table structure for table `tb_execute`
--

CREATE TABLE `tb_execute` (
  `id` int(11) NOT NULL,
  `lama` float NOT NULL,
  `record` int(12) NOT NULL,
  `support` float NOT NULL
) ENGINE=InnoDB DEFAULT CHARSET=latin1;

--
-- Dumping data for table `tb_execute`
--

INSERT INTO `tb_execute` (`id`, `lama`, `record`, `support`) VALUES
(20, 56.61, 2635, 0.5),
(21, 13.65, 2635, 1),
(22, 131.72, 5416, 0.5),
(23, 57.67, 5416, 1),
(24, 70.68, 5416, 1),
(25, 40.72, 5418, 2),
(26, 69.59, 5416, 1),
(27, 25.65, 5418, 2),
(28, 11.93, 4878, 4),
(29, 9.18, 467, 4),
(30, 0.63, 10, 1),
(31, 0.72, 20, 2),
(32, 0.92, 20, 2),
(33, 0.3, 40, 10),
(34, 1.41, 60, 1),
(35, 0.13, 60, 40),
(36, 0.31, 60, 10),
(37, 0.41, 60, 5),
(38, 0.28, 60, 8),
(39, 1.81, 100, 1),
(40, 1.28, 92, 3),
(41, 0.41, 101, 10),
(42, 0.65, 101, 5),
(43, 0.63, 103, 4),
(44, 0.71, 103, 3),
(45, 0.63, 103, 5),
(46, 0.52, 130, 5),
(47, 0.58, 130, 6),
(48, 2.1, 166, 1),
(49, 2.17, 188, 1),
(50, 0.81, 193, 2),
(51, 0.89, 105, 2),
(52, 0.51, 106, 5),
(53, 1.17, 114, 4),
(54, 0.59, 141, 10),
(55, 0.64, 148, 10),
(56, 0.6, 172, 10),
(57, 0.7, 172, 8);

-- --------------------------------------------------------

--
-- Table structure for table `tb_jenis`
--

CREATE TABLE `tb_jenis` (
  `kd_jenis` char(3) NOT NULL,
  `jenis` varchar(15) NOT NULL
) ENGINE=InnoDB DEFAULT CHARSET=latin1;

--
-- Dumping data for table `tb_jenis`
--

INSERT INTO `tb_jenis` (`kd_jenis`, `jenis`) VALUES
('J01', 'Pakaian'),
('J02', 'Celana'),
('J03', 'Kain'),
('J04', 'Rok');

-- --------------------------------------------------------

--
-- Table structure for table `tb_kategori`
--

CREATE TABLE `tb_kategori` (
  `kd_kategori` char(3) NOT NULL,
  `kategori` varchar(30) NOT NULL,
  `kd_jenis` char(3) NOT NULL
) ENGINE=InnoDB DEFAULT CHARSET=latin1;

--
-- Dumping data for table `tb_kategori`
--

INSERT INTO `tb_kategori` (`kd_kategori`, `kategori`, `kd_jenis`) VALUES
('K01', 'Setelan', 'J01'),
('K02', 'Sarung', 'J03'),
('K03', 'Atasan', 'J01'),
('K04', 'Daster', 'J01'),
('K05', 'Kemeja', 'J01'),
('K06', 'Kain', 'J03'),
('K07', 'Celana', 'J02'),
('K08', 'Rok', 'J04');

-- --------------------------------------------------------

--
-- Table structure for table `tb_kombinasi`
--

CREATE TABLE `tb_kombinasi` (
  `id` int(11) NOT NULL,
  `itemset` varchar(250) NOT NULL,
  `item` varchar(250) NOT NULL,
  `level` varchar(12) NOT NULL,
  `supcount` int(11) NOT NULL,
  `support` float NOT NULL
) ENGINE=InnoDB DEFAULT CHARSET=latin1;

--
-- Dumping data for table `tb_kombinasi`
--

INSERT INTO `tb_kombinasi` (`id`, `itemset`, `item`, `level`, `supcount`, `support`) VALUES
(1, 'KDMN0000022', 'Celana Kulot', 'L1', 20, 11.63),
(2, 'KDMN0000020', 'Celana Panjang Batik', 'L1', 33, 19.19),
(3, 'KDMN0000014', 'Daster Jumbo', 'L1', 15, 8.72),
(4, 'KDMN0000015', 'Daster Kulot', 'L1', 17, 9.88),
(5, 'KDMN0000016', 'Daster Payung', 'L1', 19, 11.05),
(6, 'KDMN0000017', 'Jumpsuit', 'L1', 19, 11.05),
(7, 'KDMN0000006', 'Kaos Gapura Coklat', 'L1', 27, 15.7),
(8, 'KDMN0000009', 'Kaos Menoro Coklat', 'L1', 40, 23.26),
(9, 'KDMN0000018', 'Kemeja Panjang', 'L1', 22, 12.79),
(10, 'KDMN0000021', 'Koas Oblong', 'L1', 25, 14.53),
(11, 'KDMN0000004', 'Sarung Dewasa Sablon', 'L1', 21, 12.21),
(12, 'KDMN0000005', 'Sarung Goyor Koran', 'L1', 31, 18.02),
(13, 'KDMN0000010', 'Sarung Print Dewasa', 'L1', 26, 15.12),
(14, 'KDMN0000011', 'Sarung Print Tanggung', 'L1', 24, 13.95),
(15, 'KDMN0000003', 'Sarung Tanggung Sablon', 'L1', 19, 11.05),
(16, 'KDMN0000008', 'Setelan Anak Panjang Gapura Coklat', 'L1', 42, 24.42),
(17, 'KDMN0000007', 'Setelan Anak Pendek Gapura Coklat', 'L1', 42, 24.42),
(18, 'KDMN0000002', 'Setelan Hitam', 'L1', 22, 12.79),
(19, 'KDMN0000001', 'Setelan Misti', 'L1', 21, 12.21),
(20, 'KDMN0000013', 'Setelan Misti Abu', 'L1', 19, 11.05),
(21, 'KDMN0000006, KDMN0000008', 'Kaos Gapura Coklat, Setelan Anak Panjang Gapura Coklat', 'L2', 15, 8.72),
(22, 'KDMN0000009, KDMN0000008', 'Kaos Menoro Coklat, Setelan Anak Panjang Gapura Coklat', 'L2', 17, 9.88),
(23, 'KDMN0000009, KDMN0000007', 'Kaos Menoro Coklat, Setelan Anak Pendek Gapura Coklat', 'L2', 17, 9.88),
(24, 'KDMN0000008, KDMN0000007', 'Setelan Anak Panjang Gapura Coklat, Setelan Anak Pendek Gapura Coklat', 'L2', 26, 15.12);

-- --------------------------------------------------------

--
-- Table structure for table `tb_menu`
--

CREATE TABLE `tb_menu` (
  `kd_menu` char(11) NOT NULL,
  `menu` varchar(50) NOT NULL,
  `harga` int(10) NOT NULL,
  `sejak` date NOT NULL,
  `kd_kategori` char(3) NOT NULL,
  `stok` int(5) NOT NULL,
  `gambar` varchar(50) NOT NULL
) ENGINE=InnoDB DEFAULT CHARSET=latin1;

--
-- Dumping data for table `tb_menu`
--

INSERT INTO `tb_menu` (`kd_menu`, `menu`, `harga`, `sejak`, `kd_kategori`, `stok`, `gambar`) VALUES
('KDMN0000001', 'Setelan Misti', 15000, '2018-02-01', 'K01', 999, 'menu-1660137783.jpg'),
('KDMN0000002', 'Setelan Hitam', 17000, '2018-02-01', 'K01', 940, ''),
('KDMN0000003', 'Sarung Tanggung Sablon', 34000, '2018-02-01', 'K02', 961, ''),
('KDMN0000004', 'Sarung Dewasa Sablon', 44000, '2018-02-01', 'K02', 936, ''),
('KDMN0000005', 'Sarung Goyor Koran', 23000, '2018-02-01', 'K02', 953, ''),
('KDMN0000006', 'Kaos Gapura Coklat', 15000, '2018-02-01', 'K03', 937, ''),
('KDMN0000007', 'Setelan Anak Pendek Gapura Coklat', 13000, '2018-02-01', 'K01', 944, ''),
('KDMN0000008', 'Setelan Anak Panjang Gapura Coklat', 19000, '2018-05-01', 'K01', 990, ''),
('KDMN0000009', 'Kaos Menoro Coklat', 15000, '2018-05-01', 'K03', 927, ''),
('KDMN0000010', 'Sarung Print Dewasa', 46000, '2018-02-01', 'K02', 939, ''),
('KDMN0000011', 'Sarung Print Tanggung', 36000, '2018-02-01', 'K02', 958, ''),
('KDMN0000012', 'Kain Batik', 55000, '2018-02-01', 'K06', 971, ''),
('KDMN0000013', 'Setelan Misti Abu', 15000, '2018-02-01', 'K01', 930, ''),
('KDMN0000014', 'Daster Jumbo', 65000, '2018-02-01', 'K04', 975, ''),
('KDMN0000015', 'Daster Kulot', 55000, '2018-02-01', 'K04', 980, 'menu-1660216727.jpg'),
('KDMN0000016', 'Daster Payung', 45000, '2018-02-01', 'K04', 970, 'menu-1657637195.jpg'),
('KDMN0000017', 'Jumpsuit', 50000, '2018-05-01', 'K04', 962, 'menu-1657637162.jpg'),
('KDMN0000018', 'Kemeja Panjang', 75000, '2018-02-01', 'K05', 980, 'menu-1660138111.jpg'),
('KDMN0000019', 'Kemeja Pendek', 50000, '2018-02-01', 'K05', 983, 'menu-1659616605.jpg'),
('KDMN0000020', 'Celana Panjang Batik', 30000, '2018-02-01', 'K07', 974, ''),
('KDMN0000021', 'Koas Oblong', 25000, '2018-02-01', 'K03', 986, 'menu-1658129385.jpg'),
('KDMN0000022', 'Celana Kulot', 40000, '2019-10-16', 'K07', 960, 'menu-1658129254.jpg'),
('KDMN0000023', 'Rok Batik Printing', 30000, '1970-01-01', 'K08', 960, 'menu-1660137708.jpg'),
('KDMN0000024', 'Celana Kolor Sedang', 19000, '0000-00-00', 'K07', 987, ''),
('KDMN0000025', 'Celana Kolor Jumbo', 27000, '0000-00-00', 'K07', 986, ''),
('KDMN0000026', 'Rok Kulot', 32000, '0000-00-00', 'K08', 978, 'menu-1660217076.jpg');

-- --------------------------------------------------------

--
-- Table structure for table `tb_pegawai`
--

CREATE TABLE `tb_pegawai` (
  `kd_pegawai` char(11) NOT NULL,
  `nama` varchar(35) NOT NULL,
  `tgl_lahir` date NOT NULL,
  `gender` varchar(10) NOT NULL,
  `alamat` text NOT NULL,
  `telp` varchar(15) NOT NULL,
  `email` varchar(35) NOT NULL,
  `kd_posisi` char(3) NOT NULL
) ENGINE=InnoDB DEFAULT CHARSET=latin1;

--
-- Dumping data for table `tb_pegawai`
--

INSERT INTO `tb_pegawai` (`kd_pegawai`, `nama`, `tgl_lahir`, `gender`, `alamat`, `telp`, `email`, `kd_posisi`) VALUES
('PGPS0000001', 'Misbah Fairuz', '1996-03-22', 'Laki-laki', 'Pekalongan', '089643343761', 'batik.fairuz@gmail.com', 'P01'),
('PGPS0000002', 'Luqman', '1980-10-14', 'Laki-laki', 'Tegal', '08983329112', 'luqman@gmail.com', 'P02');

-- --------------------------------------------------------

--
-- Table structure for table `tb_posisi`
--

CREATE TABLE `tb_posisi` (
  `kd_posisi` char(3) NOT NULL,
  `posisi` varchar(25) NOT NULL
) ENGINE=InnoDB DEFAULT CHARSET=latin1;

--
-- Dumping data for table `tb_posisi`
--

INSERT INTO `tb_posisi` (`kd_posisi`, `posisi`) VALUES
('P01', 'manajer'),
('P02', 'admin');

-- --------------------------------------------------------

--
-- Table structure for table `tb_praproses`
--

CREATE TABLE `tb_praproses` (
  `nonota` char(11) NOT NULL,
  `tanggal` date NOT NULL,
  `itemset` text NOT NULL,
  `item` text NOT NULL
) ENGINE=InnoDB DEFAULT CHARSET=latin1;

--
-- Dumping data for table `tb_praproses`
--

INSERT INTO `tb_praproses` (`nonota`, `tanggal`, `itemset`, `item`) VALUES
('NOTA0005421', '2021-11-01', 'KDMN0000018, KDMN0000007, ', 'Kemeja Panjang, Setelan Anak Pendek Gapura Coklat, '),
('NOTA0005422', '2021-11-02', 'KDMN0000012, KDMN0000005, KDMN0000009, KDMN0000001, ', 'Kain Batik, Sarung Goyor Koran, Kaos Menoro Coklat, Setelan Misti, '),
('NOTA0005423', '2021-11-03', 'KDMN0000002, KDMN0000004, KDMN0000005, KDMN0000008, ', 'Setelan Hitam, Sarung Dewasa Sablon, Sarung Goyor Koran, Setelan Anak Panjang Gapura Coklat, '),
('NOTA0005424', '2021-11-04', 'KDMN0000011, KDMN0000012, KDMN0000007, ', 'Sarung Print Tanggung, Kain Batik, Setelan Anak Pendek Gapura Coklat, '),
('NOTA0005425', '2021-11-05', 'KDMN0000009, KDMN0000008, KDMN0000007, KDMN0000006, ', 'Kaos Menoro Coklat, Setelan Anak Panjang Gapura Coklat, Setelan Anak Pendek Gapura Coklat, Kaos Gapura Coklat, '),
('NOTA0005426', '2021-11-06', 'KDMN0000001, KDMN0000002, KDMN0000003, KDMN0000004, ', 'Setelan Misti, Setelan Hitam, Sarung Tanggung Sablon, Sarung Dewasa Sablon, '),
('NOTA0005427', '2021-11-07', 'KDMN0000008, KDMN0000010, KDMN0000016, KDMN0000021, ', 'Setelan Anak Panjang Gapura Coklat, Sarung Print Dewasa, Daster Payung, Koas Oblong, '),
('NOTA0005428', '2021-11-08', 'KDMN0000020, KDMN0000019, KDMN0000018, KDMN0000012, ', 'Celana Panjang Batik, Kemeja Pendek, Kemeja Panjang, Kain Batik, '),
('NOTA0005429', '2021-11-09', 'KDMN0000008, KDMN0000009, KDMN0000010, KDMN0000011, KDMN0000007, ', 'Setelan Anak Panjang Gapura Coklat, Kaos Menoro Coklat, Sarung Print Dewasa, Sarung Print Tanggung, Setelan Anak Pendek Gapura Coklat, '),
('NOTA0005430', '2021-11-10', 'KDMN0000005, KDMN0000006, KDMN0000007, KDMN0000014, ', 'Sarung Goyor Koran, Kaos Gapura Coklat, Setelan Anak Pendek Gapura Coklat, Daster Jumbo, '),
('NOTA0005431', '2021-11-11', 'KDMN0000014, KDMN0000015, KDMN0000016, KDMN0000017, ', 'Daster Jumbo, Daster Kulot, Daster Payung, Jumpsuit, '),
('NOTA0005432', '2021-11-12', 'KDMN0000008, KDMN0000011, KDMN0000012, KDMN0000009, KDMN0000007, ', 'Setelan Anak Panjang Gapura Coklat, Sarung Print Tanggung, Kain Batik, Kaos Menoro Coklat, Setelan Anak Pendek Gapura Coklat, '),
('NOTA0005433', '2021-11-13', 'KDMN0000013, KDMN0000011, KDMN0000010, ', 'Setelan Misti Abu, Sarung Print Tanggung, Sarung Print Dewasa, '),
('NOTA0005434', '2021-11-14', 'KDMN0000005, KDMN0000003, KDMN0000004, ', 'Sarung Goyor Koran, Sarung Tanggung Sablon, Sarung Dewasa Sablon, '),
('NOTA0005435', '2021-11-15', 'KDMN0000018, KDMN0000020, KDMN0000019, KDMN0000021, ', 'Kemeja Panjang, Celana Panjang Batik, Kemeja Pendek, Koas Oblong, '),
('NOTA0005436', '2021-11-16', 'KDMN0000009, KDMN0000005, KDMN0000007, KDMN0000010, ', 'Kaos Menoro Coklat, Sarung Goyor Koran, Setelan Anak Pendek Gapura Coklat, Sarung Print Dewasa, '),
('NOTA0005437', '2021-11-17', 'KDMN0000020, KDMN0000019, KDMN0000018, ', 'Celana Panjang Batik, Kemeja Pendek, Kemeja Panjang, '),
('NOTA0005438', '2021-11-18', 'KDMN0000016, KDMN0000015, KDMN0000014, ', 'Daster Payung, Daster Kulot, Daster Jumbo, '),
('NOTA0005439', '2021-11-19', 'KDMN0000001, KDMN0000002, KDMN0000013, ', 'Setelan Misti, Setelan Hitam, Setelan Misti Abu, '),
('NOTA0005440', '2021-11-20', 'KDMN0000014, KDMN0000006, KDMN0000013, ', 'Daster Jumbo, Kaos Gapura Coklat, Setelan Misti Abu, '),
('NOTA0005441', '2021-11-20', 'KDMN0000001, ', 'Setelan Misti, '),
('NOTA0005442', '2021-11-22', 'KDMN0000008, KDMN0000012, KDMN0000001, ', 'Setelan Anak Panjang Gapura Coklat, Kain Batik, Setelan Misti, '),
('NOTA0005443', '2021-11-23', 'KDMN0000008, KDMN0000007, KDMN0000009, ', 'Setelan Anak Panjang Gapura Coklat, Setelan Anak Pendek Gapura Coklat, Kaos Menoro Coklat, '),
('NOTA0005444', '2021-11-24', 'KDMN0000011, KDMN0000021, KDMN0000005, KDMN0000017, ', 'Sarung Print Tanggung, Koas Oblong, Sarung Goyor Koran, Jumpsuit, '),
('NOTA0005445', '2021-11-25', 'KDMN0000019, KDMN0000018, KDMN0000001, KDMN0000002, ', 'Kemeja Pendek, Kemeja Panjang, Setelan Misti, Setelan Hitam, '),
('NOTA0005446', '2021-11-26', 'KDMN0000014, KDMN0000019, KDMN0000020, ', 'Daster Jumbo, Kemeja Pendek, Celana Panjang Batik, '),
('NOTA0005447', '2021-11-27', 'KDMN0000020, KDMN0000009, ', 'Celana Panjang Batik, Kaos Menoro Coklat, '),
('NOTA0005448', '2021-11-28', 'KDMN0000011, KDMN0000001, KDMN0000002, ', 'Sarung Print Tanggung, Setelan Misti, Setelan Hitam, '),
('NOTA0005449', '2021-11-29', 'KDMN0000021, KDMN0000010, ', 'Koas Oblong, Sarung Print Dewasa, '),
('NOTA0005450', '2021-11-30', 'KDMN0000018, KDMN0000006, KDMN0000005, KDMN0000020, ', 'Kemeja Panjang, Kaos Gapura Coklat, Sarung Goyor Koran, Celana Panjang Batik, '),
('NOTA0005451', '2021-12-01', 'KDMN0000002, KDMN0000001, KDMN0000003, KDMN0000004, KDMN0000005, ', 'Setelan Hitam, Setelan Misti, Sarung Tanggung Sablon, Sarung Dewasa Sablon, Sarung Goyor Koran, '),
('NOTA0005452', '2021-12-02', 'KDMN0000010, KDMN0000011, KDMN0000009, ', 'Sarung Print Dewasa, Sarung Print Tanggung, Kaos Menoro Coklat, '),
('NOTA0005453', '2021-12-03', 'KDMN0000008, KDMN0000007, ', 'Setelan Anak Panjang Gapura Coklat, Setelan Anak Pendek Gapura Coklat, '),
('NOTA0005454', '2021-12-04', 'KDMN0000010, KDMN0000021, ', 'Sarung Print Dewasa, Koas Oblong, '),
('NOTA0005455', '2021-12-05', 'KDMN0000020, KDMN0000019, KDMN0000009, ', 'Celana Panjang Batik, Kemeja Pendek, Kaos Menoro Coklat, '),
('NOTA0005456', '2021-12-06', 'KDMN0000008, KDMN0000006, KDMN0000005, KDMN0000011, ', 'Setelan Anak Panjang Gapura Coklat, Kaos Gapura Coklat, Sarung Goyor Koran, Sarung Print Tanggung, '),
('NOTA0005457', '2021-12-07', 'KDMN0000016, KDMN0000015, KDMN0000004, ', 'Daster Payung, Daster Kulot, Sarung Dewasa Sablon, '),
('NOTA0005458', '2021-12-08', 'KDMN0000001, KDMN0000003, KDMN0000004, KDMN0000018, ', 'Setelan Misti, Sarung Tanggung Sablon, Sarung Dewasa Sablon, Kemeja Panjang, '),
('NOTA0005459', '2021-12-09', 'KDMN0000018, KDMN0000007, KDMN0000016, ', 'Kemeja Panjang, Setelan Anak Pendek Gapura Coklat, Daster Payung, '),
('NOTA0005460', '2021-12-10', 'KDMN0000004, KDMN0000009, ', 'Sarung Dewasa Sablon, Kaos Menoro Coklat, '),
('NOTA0005461', '2021-12-11', 'KDMN0000022, KDMN0000009, KDMN0000008, KDMN0000005, ', 'Celana Kulot, Kaos Menoro Coklat, Setelan Anak Panjang Gapura Coklat, Sarung Goyor Koran, '),
('NOTA0005462', '2021-12-12', 'KDMN0000013, KDMN0000014, KDMN0000012, ', 'Setelan Misti Abu, Daster Jumbo, Kain Batik, '),
('NOTA0005463', '2021-12-13', 'KDMN0000022, KDMN0000021, KDMN0000018, ', 'Celana Kulot, Koas Oblong, Kemeja Panjang, '),
('NOTA0005464', '2021-12-14', 'KDMN0000022, KDMN0000017, KDMN0000020, ', 'Celana Kulot, Jumpsuit, Celana Panjang Batik, '),
('NOTA0005465', '2021-12-15', 'KDMN0000006, KDMN0000020, KDMN0000003, ', 'Kaos Gapura Coklat, Celana Panjang Batik, Sarung Tanggung Sablon, '),
('NOTA0005466', '2021-12-16', 'KDMN0000002, KDMN0000007, ', 'Setelan Hitam, Setelan Anak Pendek Gapura Coklat, '),
('NOTA0005467', '2021-12-17', 'KDMN0000022, KDMN0000005, KDMN0000003, ', 'Celana Kulot, Sarung Goyor Koran, Sarung Tanggung Sablon, '),
('NOTA0005468', '2021-12-18', 'KDMN0000020, KDMN0000005, ', 'Celana Panjang Batik, Sarung Goyor Koran, '),
('NOTA0005469', '2021-12-19', 'KDMN0000020, KDMN0000004, KDMN0000021, ', 'Celana Panjang Batik, Sarung Dewasa Sablon, Koas Oblong, '),
('NOTA0005470', '2021-12-20', 'KDMN0000021, KDMN0000009, KDMN0000001, KDMN0000002, ', 'Koas Oblong, Kaos Menoro Coklat, Setelan Misti, Setelan Hitam, '),
('NOTA0005471', '2021-12-21', 'KDMN0000008, KDMN0000006, KDMN0000010, ', 'Setelan Anak Panjang Gapura Coklat, Kaos Gapura Coklat, Sarung Print Dewasa, '),
('NOTA0005472', '2021-12-22', 'KDMN0000022, KDMN0000009, KDMN0000015, ', 'Celana Kulot, Kaos Menoro Coklat, Daster Kulot, '),
('NOTA0005473', '2021-12-23', 'KDMN0000005, KDMN0000021, KDMN0000020, ', 'Sarung Goyor Koran, Koas Oblong, Celana Panjang Batik, '),
('NOTA0005474', '2021-12-24', 'KDMN0000018, KDMN0000004, KDMN0000009, ', 'Kemeja Panjang, Sarung Dewasa Sablon, Kaos Menoro Coklat, '),
('NOTA0005475', '2021-12-25', 'KDMN0000005, KDMN0000010, KDMN0000021, ', 'Sarung Goyor Koran, Sarung Print Dewasa, Koas Oblong, '),
('NOTA0005476', '2021-12-26', 'KDMN0000007, KDMN0000020, KDMN0000021, ', 'Setelan Anak Pendek Gapura Coklat, Celana Panjang Batik, Koas Oblong, '),
('NOTA0005477', '2021-12-27', 'KDMN0000003, KDMN0000008, KDMN0000011, ', 'Sarung Tanggung Sablon, Setelan Anak Panjang Gapura Coklat, Sarung Print Tanggung, '),
('NOTA0005478', '2021-12-29', 'KDMN0000008, KDMN0000010, KDMN0000020, ', 'Setelan Anak Panjang Gapura Coklat, Sarung Print Dewasa, Celana Panjang Batik, '),
('NOTA0005479', '2021-12-30', 'KDMN0000022, KDMN0000017, KDMN0000021, ', 'Celana Kulot, Jumpsuit, Koas Oblong, '),
('NOTA0005480', '2021-12-31', 'KDMN0000005, KDMN0000021, ', 'Sarung Goyor Koran, Koas Oblong, '),
('NOTA0005481', '2022-01-01', 'KDMN0000022, KDMN0000017, KDMN0000020, ', 'Celana Kulot, Jumpsuit, Celana Panjang Batik, '),
('NOTA0005482', '2022-01-02', 'KDMN0000021, KDMN0000009, KDMN0000001, ', 'Koas Oblong, Kaos Menoro Coklat, Setelan Misti, '),
('NOTA0005483', '2022-01-03', 'KDMN0000021, KDMN0000007, KDMN0000002, ', 'Koas Oblong, Setelan Anak Pendek Gapura Coklat, Setelan Hitam, '),
('NOTA0005484', '2022-01-04', 'KDMN0000017, KDMN0000016, KDMN0000015, ', 'Jumpsuit, Daster Payung, Daster Kulot, '),
('NOTA0005485', '2022-01-05', 'KDMN0000015, KDMN0000007, KDMN0000008, KDMN0000003, ', 'Daster Kulot, Setelan Anak Pendek Gapura Coklat, Setelan Anak Panjang Gapura Coklat, Sarung Tanggung Sablon, '),
('NOTA0005486', '2022-01-06', 'KDMN0000019, KDMN0000020, KDMN0000018, ', 'Kemeja Pendek, Celana Panjang Batik, Kemeja Panjang, '),
('NOTA0005487', '2022-01-07', 'KDMN0000018, KDMN0000019, ', 'Kemeja Panjang, Kemeja Pendek, '),
('NOTA0005488', '2022-01-08', 'KDMN0000022, KDMN0000005, KDMN0000009, ', 'Celana Kulot, Sarung Goyor Koran, Kaos Menoro Coklat, '),
('NOTA0005489', '2022-01-09', 'KDMN0000011, KDMN0000007, KDMN0000009, ', 'Sarung Print Tanggung, Setelan Anak Pendek Gapura Coklat, Kaos Menoro Coklat, '),
('NOTA0005490', '2022-01-10', 'KDMN0000015, KDMN0000006, ', 'Daster Kulot, Kaos Gapura Coklat, '),
('NOTA0005491', '2022-01-11', 'KDMN0000001, KDMN0000002, KDMN0000003, ', 'Setelan Misti, Setelan Hitam, Sarung Tanggung Sablon, '),
('NOTA0005492', '2022-01-12', 'KDMN0000006, KDMN0000003, KDMN0000004, KDMN0000005, ', 'Kaos Gapura Coklat, Sarung Tanggung Sablon, Sarung Dewasa Sablon, Sarung Goyor Koran, '),
('NOTA0005493', '2022-01-13', 'KDMN0000010, KDMN0000011, ', 'Sarung Print Dewasa, Sarung Print Tanggung, '),
('NOTA0005494', '2022-01-14', 'KDMN0000020, KDMN0000008, ', 'Celana Panjang Batik, Setelan Anak Panjang Gapura Coklat, '),
('NOTA0005495', '2022-01-15', 'KDMN0000009, KDMN0000016, ', 'Kaos Menoro Coklat, Daster Payung, '),
('NOTA0005496', '2022-01-16', 'KDMN0000008, KDMN0000021, KDMN0000018, ', 'Setelan Anak Panjang Gapura Coklat, Koas Oblong, Kemeja Panjang, '),
('NOTA0005497', '2022-01-17', 'KDMN0000014, KDMN0000015, KDMN0000016, ', 'Daster Jumbo, Daster Kulot, Daster Payung, '),
('NOTA0005498', '2022-01-18', 'KDMN0000006, KDMN0000005, KDMN0000004, ', 'Kaos Gapura Coklat, Sarung Goyor Koran, Sarung Dewasa Sablon, '),
('NOTA0005499', '2022-01-19', 'KDMN0000020, KDMN0000017, KDMN0000006, KDMN0000002, ', 'Celana Panjang Batik, Jumpsuit, Kaos Gapura Coklat, Setelan Hitam, '),
('NOTA0005500', '2022-01-20', 'KDMN0000002, KDMN0000005, KDMN0000017, KDMN0000018, ', 'Setelan Hitam, Sarung Goyor Koran, Jumpsuit, Kemeja Panjang, '),
('NOTA0005501', '2022-01-21', 'KDMN0000010, KDMN0000011, KDMN0000004, ', 'Sarung Print Dewasa, Sarung Print Tanggung, Sarung Dewasa Sablon, '),
('NOTA0005502', '2022-01-22', 'KDMN0000020, KDMN0000015, KDMN0000003, ', 'Celana Panjang Batik, Daster Kulot, Sarung Tanggung Sablon, '),
('NOTA0005503', '2022-01-23', 'KDMN0000020, KDMN0000007, KDMN0000004, ', 'Celana Panjang Batik, Setelan Anak Pendek Gapura Coklat, Sarung Dewasa Sablon, '),
('NOTA0005504', '2022-01-24', 'KDMN0000019, KDMN0000018, ', 'Kemeja Pendek, Kemeja Panjang, '),
('NOTA0005505', '2022-01-25', 'KDMN0000021, KDMN0000010, KDMN0000008, ', 'Koas Oblong, Sarung Print Dewasa, Setelan Anak Panjang Gapura Coklat, '),
('NOTA0005506', '2022-01-26', 'KDMN0000021, KDMN0000007, KDMN0000006, ', 'Koas Oblong, Setelan Anak Pendek Gapura Coklat, Kaos Gapura Coklat, '),
('NOTA0005507', '2022-01-27', 'KDMN0000011, KDMN0000021, KDMN0000002, ', 'Sarung Print Tanggung, Koas Oblong, Setelan Hitam, '),
('NOTA0005508', '2022-01-28', 'KDMN0000011, KDMN0000007, KDMN0000022, ', 'Sarung Print Tanggung, Setelan Anak Pendek Gapura Coklat, Celana Kulot, '),
('NOTA0005509', '2022-01-29', 'KDMN0000009, KDMN0000012, KDMN0000002, ', 'Kaos Menoro Coklat, Kain Batik, Setelan Hitam, '),
('NOTA0005510', '2022-01-30', 'KDMN0000016, KDMN0000020, KDMN0000001, ', 'Daster Payung, Celana Panjang Batik, Setelan Misti, '),
('NOTA0005511', '2022-01-31', 'KDMN0000010, KDMN0000009, KDMN0000020, ', 'Sarung Print Dewasa, Kaos Menoro Coklat, Celana Panjang Batik, '),
('NOTA0005512', '2022-02-01', 'KDMN0000009, KDMN0000007, KDMN0000003, ', 'Kaos Menoro Coklat, Setelan Anak Pendek Gapura Coklat, Sarung Tanggung Sablon, '),
('NOTA0005513', '2022-02-02', 'KDMN0000020, KDMN0000022, KDMN0000001, ', 'Celana Panjang Batik, Celana Kulot, Setelan Misti, '),
('NOTA0005514', '2022-02-03', 'KDMN0000009, KDMN0000015, KDMN0000003, KDMN0000020, KDMN0000019, ', 'Kaos Menoro Coklat, Daster Kulot, Sarung Tanggung Sablon, Celana Panjang Batik, Kemeja Pendek, '),
('NOTA0005515', '2022-02-04', 'KDMN0000009, KDMN0000005, KDMN0000001, ', 'Kaos Menoro Coklat, Sarung Goyor Koran, Setelan Misti, '),
('NOTA0005516', '2022-02-05', 'KDMN0000016, KDMN0000008, KDMN0000005, ', 'Daster Payung, Setelan Anak Panjang Gapura Coklat, Sarung Goyor Koran, '),
('NOTA0005517', '2022-02-06', 'KDMN0000006, KDMN0000009, KDMN0000008, ', 'Kaos Gapura Coklat, Kaos Menoro Coklat, Setelan Anak Panjang Gapura Coklat, '),
('NOTA0005518', '2022-02-07', 'KDMN0000009, KDMN0000020, KDMN0000007, KDMN0000004, ', 'Kaos Menoro Coklat, Celana Panjang Batik, Setelan Anak Pendek Gapura Coklat, Sarung Dewasa Sablon, '),
('NOTA0005519', '2022-02-08', 'KDMN0000010, KDMN0000012, KDMN0000020, ', 'Sarung Print Dewasa, Kain Batik, Celana Panjang Batik, '),
('NOTA0005520', '2022-02-09', 'KDMN0000005, KDMN0000001, KDMN0000021, ', 'Sarung Goyor Koran, Setelan Misti, Koas Oblong, '),
('NOTA0005642', '2022-02-10', 'KDMN0000002, ', 'Setelan Hitam, '),
('NOTA0005643', '2022-02-10', 'KDMN0000004, ', 'Sarung Dewasa Sablon, '),
('NOTA0005644', '2022-02-10', 'KDMN0000001, ', 'Setelan Misti, '),
('NOTA0005645', '2022-02-11', 'KDMN0000002, ', 'Setelan Hitam, '),
('NOTA0005646', '2022-02-11', 'KDMN0000005, KDMN0000016, ', 'Sarung Goyor Koran, Daster Payung, '),
('NOTA0005647', '2022-02-12', 'KDMN0000007, KDMN0000015, KDMN0000018, ', 'Setelan Anak Pendek Gapura Coklat, Daster Kulot, Kemeja Panjang, '),
('NOTA0005648', '2022-02-13', 'KDMN0000018, KDMN0000009, KDMN0000022, KDMN0000014, ', 'Kemeja Panjang, Kaos Menoro Coklat, Celana Kulot, Daster Jumbo, '),
('NOTA0005649', '2022-02-13', 'KDMN0000006, KDMN0000011, KDMN0000022, KDMN0000018, ', 'Kaos Gapura Coklat, Sarung Print Tanggung, Celana Kulot, Kemeja Panjang, '),
('NOTA0005650', '2022-02-13', 'KDMN0000022, KDMN0000007, KDMN0000020, ', 'Celana Kulot, Setelan Anak Pendek Gapura Coklat, Celana Panjang Batik, '),
('NOTA0005651', '2022-02-13', 'KDMN0000012, KDMN0000010, KDMN0000009, KDMN0000008, ', 'Kain Batik, Sarung Print Dewasa, Kaos Menoro Coklat, Setelan Anak Panjang Gapura Coklat, '),
('NOTA0005652', '2022-02-13', 'KDMN0000013, KDMN0000005, KDMN0000003, KDMN0000014, ', 'Setelan Misti Abu, Sarung Goyor Koran, Sarung Tanggung Sablon, Daster Jumbo, '),
('NOTA0005653', '2022-02-14', 'KDMN0000021, KDMN0000020, KDMN0000010, KDMN0000011, ', 'Koas Oblong, Celana Panjang Batik, Sarung Print Dewasa, Sarung Print Tanggung, '),
('NOTA0005654', '2022-02-15', 'KDMN0000018, KDMN0000017, KDMN0000016, ', 'Kemeja Panjang, Jumpsuit, Daster Payung, '),
('NOTA0005655', '2022-02-16', 'KDMN0000006, KDMN0000005, KDMN0000007, KDMN0000008, KDMN0000009, ', 'Kaos Gapura Coklat, Sarung Goyor Koran, Setelan Anak Pendek Gapura Coklat, Setelan Anak Panjang Gapura Coklat, Kaos Menoro Coklat, '),
('NOTA0005656', '2022-02-17', 'KDMN0000006, KDMN0000007, KDMN0000008, KDMN0000009, KDMN0000013, ', 'Kaos Gapura Coklat, Setelan Anak Pendek Gapura Coklat, Setelan Anak Panjang Gapura Coklat, Kaos Menoro Coklat, Setelan Misti Abu, '),
('NOTA0005657', '2022-02-18', 'KDMN0000019, KDMN0000018, KDMN0000016, KDMN0000017, KDMN0000015, KDMN0000014, ', 'Kemeja Pendek, Kemeja Panjang, Daster Payung, Jumpsuit, Daster Kulot, Daster Jumbo, '),
('NOTA0005658', '2022-02-19', 'KDMN0000010, KDMN0000011, KDMN0000004, KDMN0000005, KDMN0000003, ', 'Sarung Print Dewasa, Sarung Print Tanggung, Sarung Dewasa Sablon, Sarung Goyor Koran, Sarung Tanggung Sablon, '),
('NOTA0005659', '2022-02-19', 'KDMN0000016, KDMN0000015, KDMN0000013, ', 'Daster Payung, Daster Kulot, Setelan Misti Abu, '),
('NOTA0005660', '2022-02-19', 'KDMN0000001, KDMN0000002, KDMN0000006, ', 'Setelan Misti, Setelan Hitam, Kaos Gapura Coklat, '),
('NOTA0005661', '2022-02-20', 'KDMN0000022, KDMN0000020, ', 'Celana Kulot, Celana Panjang Batik, '),
('NOTA0005662', '2022-02-20', 'KDMN0000016, KDMN0000007, KDMN0000008, ', 'Daster Payung, Setelan Anak Pendek Gapura Coklat, Setelan Anak Panjang Gapura Coklat, '),
('NOTA0005663', '2022-02-20', 'KDMN0000011, KDMN0000010, KDMN0000013, ', 'Sarung Print Tanggung, Sarung Print Dewasa, Setelan Misti Abu, '),
('NOTA0005664', '2022-02-20', 'KDMN0000017, KDMN0000021, ', 'Jumpsuit, Koas Oblong, '),
('NOTA0005665', '2022-02-20', 'KDMN0000008, KDMN0000007, KDMN0000013, ', 'Setelan Anak Panjang Gapura Coklat, Setelan Anak Pendek Gapura Coklat, Setelan Misti Abu, '),
('NOTA0005666', '2022-02-20', 'KDMN0000018, KDMN0000017, KDMN0000019, KDMN0000015, ', 'Kemeja Panjang, Jumpsuit, Kemeja Pendek, Daster Kulot, '),
('NOTA0005667', '2022-02-21', 'KDMN0000008, KDMN0000009, KDMN0000010, KDMN0000012, ', 'Setelan Anak Panjang Gapura Coklat, Kaos Menoro Coklat, Sarung Print Dewasa, Kain Batik, '),
('NOTA0005668', '2022-02-22', 'KDMN0000016, KDMN0000017, KDMN0000015, KDMN0000014, ', 'Daster Payung, Jumpsuit, Daster Kulot, Daster Jumbo, '),
('NOTA0005669', '2022-02-23', 'KDMN0000011, KDMN0000010, KDMN0000009, ', 'Sarung Print Tanggung, Sarung Print Dewasa, Kaos Menoro Coklat, '),
('NOTA0005670', '2022-02-24', 'KDMN0000022, KDMN0000020, KDMN0000020, ', 'Celana Kulot, Celana Panjang Batik, Celana Panjang Batik, '),
('NOTA0005671', '2022-02-25', 'KDMN0000003, KDMN0000004, KDMN0000005, ', 'Sarung Tanggung Sablon, Sarung Dewasa Sablon, Sarung Goyor Koran, '),
('NOTA0005672', '2022-02-25', 'KDMN0000017, KDMN0000007, KDMN0000008, KDMN0000009, ', 'Jumpsuit, Setelan Anak Pendek Gapura Coklat, Setelan Anak Panjang Gapura Coklat, Kaos Menoro Coklat, '),
('NOTA0005673', '2022-02-26', 'KDMN0000008, KDMN0000007, KDMN0000013, KDMN0000002, ', 'Setelan Anak Panjang Gapura Coklat, Setelan Anak Pendek Gapura Coklat, Setelan Misti Abu, Setelan Hitam, '),
('NOTA0005674', '2022-02-26', 'KDMN0000014, KDMN0000017, KDMN0000020, ', 'Daster Jumbo, Jumpsuit, Celana Panjang Batik, '),
('NOTA0005675', '2022-02-26', 'KDMN0000005, KDMN0000010, KDMN0000011, ', 'Sarung Goyor Koran, Sarung Print Dewasa, Sarung Print Tanggung, '),
('NOTA0005676', '2022-02-27', 'KDMN0000007, KDMN0000008, KDMN0000013, KDMN0000009, ', 'Setelan Anak Pendek Gapura Coklat, Setelan Anak Panjang Gapura Coklat, Setelan Misti Abu, Kaos Menoro Coklat, '),
('NOTA0005677', '2022-02-27', 'KDMN0000005, KDMN0000006, KDMN0000011, ', 'Sarung Goyor Koran, Kaos Gapura Coklat, Sarung Print Tanggung, '),
('NOTA0005678', '2022-02-27', 'KDMN0000015, KDMN0000014, KDMN0000013, ', 'Daster Kulot, Daster Jumbo, Setelan Misti Abu, '),
('NOTA0005679', '2022-02-27', 'KDMN0000020, KDMN0000022, ', 'Celana Panjang Batik, Celana Kulot, '),
('NOTA0005680', '2022-02-27', 'KDMN0000017, KDMN0000010, KDMN0000004, ', 'Jumpsuit, Sarung Print Dewasa, Sarung Dewasa Sablon, '),
('NOTA0005681', '2022-02-27', 'KDMN0000005, KDMN0000007, KDMN0000008, ', 'Sarung Goyor Koran, Setelan Anak Pendek Gapura Coklat, Setelan Anak Panjang Gapura Coklat, '),
('NOTA0005682', '2022-02-28', 'KDMN0000016, KDMN0000011, KDMN0000001, KDMN0000003, ', 'Daster Payung, Sarung Print Tanggung, Setelan Misti, Sarung Tanggung Sablon, '),
('NOTA0005683', '2022-03-01', 'KDMN0000007, KDMN0000008, KDMN0000006, ', 'Setelan Anak Pendek Gapura Coklat, Setelan Anak Panjang Gapura Coklat, Kaos Gapura Coklat, '),
('NOTA0005684', '2022-03-02', 'KDMN0000006, KDMN0000007, KDMN0000008, ', 'Kaos Gapura Coklat, Setelan Anak Pendek Gapura Coklat, Setelan Anak Panjang Gapura Coklat, '),
('NOTA0005685', '2022-03-03', 'KDMN0000006, KDMN0000007, KDMN0000008, ', 'Kaos Gapura Coklat, Setelan Anak Pendek Gapura Coklat, Setelan Anak Panjang Gapura Coklat, '),
('NOTA0005686', '2022-03-04', 'KDMN0000008, KDMN0000007, KDMN0000009, KDMN0000006, ', 'Setelan Anak Panjang Gapura Coklat, Setelan Anak Pendek Gapura Coklat, Kaos Menoro Coklat, Kaos Gapura Coklat, '),
('NOTA0005687', '2022-03-04', 'KDMN0000007, KDMN0000006, KDMN0000009, KDMN0000008, ', 'Setelan Anak Pendek Gapura Coklat, Kaos Gapura Coklat, Kaos Menoro Coklat, Setelan Anak Panjang Gapura Coklat, '),
('NOTA0005688', '2022-03-05', 'KDMN0000009, KDMN0000008, KDMN0000007, KDMN0000006, KDMN0000013, ', 'Kaos Menoro Coklat, Setelan Anak Panjang Gapura Coklat, Setelan Anak Pendek Gapura Coklat, Kaos Gapura Coklat, Setelan Misti Abu, '),
('NOTA0005689', '2022-03-05', 'KDMN0000013, KDMN0000006, KDMN0000007, KDMN0000008, KDMN0000009, KDMN0000002, ', 'Setelan Misti Abu, Kaos Gapura Coklat, Setelan Anak Pendek Gapura Coklat, Setelan Anak Panjang Gapura Coklat, Kaos Menoro Coklat, Setelan Hitam, '),
('NOTA0005690', '2022-03-05', 'KDMN0000023, KDMN0000009, KDMN0000022, ', 'Rok Batik Printing, Kaos Menoro Coklat, Celana Kulot, '),
('NOTA0005691', '2022-03-06', 'KDMN0000006, KDMN0000007, KDMN0000008, KDMN0000023, KDMN0000013, ', 'Kaos Gapura Coklat, Setelan Anak Pendek Gapura Coklat, Setelan Anak Panjang Gapura Coklat, Rok Batik Printing, Setelan Misti Abu, '),
('NOTA0005692', '2022-03-06', 'KDMN0000006, KDMN0000008, KDMN0000023, ', 'Kaos Gapura Coklat, Setelan Anak Panjang Gapura Coklat, Rok Batik Printing, '),
('NOTA0005693', '2022-03-06', 'KDMN0000022, KDMN0000023, KDMN0000020, ', 'Celana Kulot, Rok Batik Printing, Celana Panjang Batik, '),
('NOTA0005694', '2022-03-06', 'KDMN0000001, KDMN0000002, KDMN0000013, ', 'Setelan Misti, Setelan Hitam, Setelan Misti Abu, '),
('NOTA0005695', '2022-03-06', 'KDMN0000010, KDMN0000004, KDMN0000003, KDMN0000010, ', 'Sarung Print Dewasa, Sarung Dewasa Sablon, Sarung Tanggung Sablon, Sarung Print Dewasa, '),
('NOTA0005696', '2022-03-06', 'KDMN0000017, KDMN0000016, KDMN0000012, ', 'Jumpsuit, Daster Payung, Kain Batik, '),
('NOTA0005697', '2022-03-07', 'KDMN0000007, KDMN0000008, ', 'Setelan Anak Pendek Gapura Coklat, Setelan Anak Panjang Gapura Coklat, '),
('NOTA0005698', '2022-03-07', 'KDMN0000009, KDMN0000013, KDMN0000014, ', 'Kaos Menoro Coklat, Setelan Misti Abu, Daster Jumbo, '),
('NOTA0005699', '2022-03-08', 'KDMN0000008, KDMN0000007, KDMN0000009, KDMN0000013, ', 'Setelan Anak Panjang Gapura Coklat, Setelan Anak Pendek Gapura Coklat, Kaos Menoro Coklat, Setelan Misti Abu, '),
('NOTA0005700', '2022-03-08', 'KDMN0000004, KDMN0000023, KDMN0000021, ', 'Sarung Dewasa Sablon, Rok Batik Printing, Koas Oblong, '),
('NOTA0005701', '2022-03-09', 'KDMN0000021, KDMN0000018, KDMN0000019, ', 'Koas Oblong, Kemeja Panjang, Kemeja Pendek, '),
('NOTA0005702', '2022-03-10', 'KDMN0000026, KDMN0000025, KDMN0000024, ', 'Rok Kulot, Celana Kolor Jumbo, Celana Kolor Sedang, '),
('NOTA0005703', '2022-03-11', 'KDMN0000010, KDMN0000022, KDMN0000017, ', 'Sarung Print Dewasa, Celana Kulot, Jumpsuit, '),
('NOTA0005704', '2022-03-11', 'KDMN0000011, KDMN0000023, KDMN0000026, ', 'Sarung Print Tanggung, Rok Batik Printing, Rok Kulot, '),
('NOTA0005705', '2022-03-11', 'KDMN0000001, KDMN0000014, KDMN0000025, KDMN0000024, ', 'Setelan Misti, Daster Jumbo, Celana Kolor Jumbo, Celana Kolor Sedang, '),
('NOTA0005706', '2022-03-12', 'KDMN0000022, KDMN0000017, KDMN0000002, KDMN0000016, ', 'Celana Kulot, Jumpsuit, Setelan Hitam, Daster Payung, '),
('NOTA0005707', '2022-03-12', 'KDMN0000023, KDMN0000025, KDMN0000024, KDMN0000026, ', 'Rok Batik Printing, Celana Kolor Jumbo, Celana Kolor Sedang, Rok Kulot, '),
('NOTA0005708', '2022-03-12', 'KDMN0000021, KDMN0000008, KDMN0000007, ', 'Koas Oblong, Setelan Anak Panjang Gapura Coklat, Setelan Anak Pendek Gapura Coklat, '),
('NOTA0005709', '2022-03-12', 'KDMN0000008, KDMN0000007, KDMN0000013, KDMN0000002, ', 'Setelan Anak Panjang Gapura Coklat, Setelan Anak Pendek Gapura Coklat, Setelan Misti Abu, Setelan Hitam, '),
('NOTA0005710', '2022-03-13', 'KDMN0000025, KDMN0000024, ', 'Celana Kolor Jumbo, Celana Kolor Sedang, '),
('NOTA0005711', '2022-03-13', 'KDMN0000026, KDMN0000015, ', 'Rok Kulot, Daster Kulot, '),
('NOTA0005712', '2022-03-13', 'KDMN0000010, KDMN0000011, ', 'Sarung Print Dewasa, Sarung Print Tanggung, '),
('NOTA0005713', '2022-03-13', 'KDMN0000012, KDMN0000004, KDMN0000005, KDMN0000003, ', 'Kain Batik, Sarung Dewasa Sablon, Sarung Goyor Koran, Sarung Tanggung Sablon, '),
('NOTA0005714', '2022-03-14', 'KDMN0000019, KDMN0000011, KDMN0000017, ', 'Kemeja Pendek, Sarung Print Tanggung, Jumpsuit, '),
('NOTA0005715', '2022-03-15', 'KDMN0000026, KDMN0000025, KDMN0000024, ', 'Rok Kulot, Celana Kolor Jumbo, Celana Kolor Sedang, '),
('NOTA0005716', '2022-03-16', 'KDMN0000006, KDMN0000007, KDMN0000008, KDMN0000013, ', 'Kaos Gapura Coklat, Setelan Anak Pendek Gapura Coklat, Setelan Anak Panjang Gapura Coklat, Setelan Misti Abu, '),
('NOTA0005718', '2022-03-16', 'KDMN0000001, KDMN0000002, KDMN0000022, ', 'Setelan Misti, Setelan Hitam, Celana Kulot, '),
('NOTA0005719', '2022-03-17', 'KDMN0000015, KDMN0000016, KDMN0000014, KDMN0000026, KDMN0000022, ', 'Daster Kulot, Daster Payung, Daster Jumbo, Rok Kulot, Celana Kulot, '),
('NOTA0005720', '2022-03-18', 'KDMN0000006, KDMN0000013, KDMN0000023, KDMN0000009, ', 'Kaos Gapura Coklat, Setelan Misti Abu, Rok Batik Printing, Kaos Menoro Coklat, '),
('NOTA0005721', '2022-03-18', 'KDMN0000006, KDMN0000007, KDMN0000008, KDMN0000009, KDMN0000013, KDMN0000002, KDMN0000023, KDMN0000026, ', 'Kaos Gapura Coklat, Setelan Anak Pendek Gapura Coklat, Setelan Anak Panjang Gapura Coklat, Kaos Menoro Coklat, Setelan Misti Abu, Setelan Hitam, Rok Batik Printing, Rok Kulot, '),
('NOTA0005722', '2022-03-19', 'KDMN0000026, KDMN0000023, KDMN0000020, KDMN0000012, ', 'Rok Kulot, Rok Batik Printing, Celana Panjang Batik, Kain Batik, '),
('NOTA0005723', '2022-08-18', 'KDMN0000006, ', 'Kaos Gapura Coklat, '),
('NOTA0005724', '2022-08-18', 'KDMN0000007, ', 'Setelan Anak Pendek Gapura Coklat, ');

--
-- Indexes for dumped tables
--

--
-- Indexes for table `detailpenjualan`
--
ALTER TABLE `detailpenjualan`
  ADD KEY `nonota` (`nonota`),
  ADD KEY `kd_menu` (`kd_menu`);

--
-- Indexes for table `penjualan`
--
ALTER TABLE `penjualan`
  ADD PRIMARY KEY (`nonota`);

--
-- Indexes for table `tblsementara`
--
ALTER TABLE `tblsementara`
  ADD KEY `kd_menu` (`kd_menu`) USING BTREE;

--
-- Indexes for table `tb_akun`
--
ALTER TABLE `tb_akun`
  ADD PRIMARY KEY (`kd_akun`),
  ADD KEY `kd_pegawai` (`kd_pegawai`);

--
-- Indexes for table `tb_assosiasi`
--
ALTER TABLE `tb_assosiasi`
  ADD PRIMARY KEY (`id`);

--
-- Indexes for table `tb_eliminasi`
--
ALTER TABLE `tb_eliminasi`
  ADD PRIMARY KEY (`id`);

--
-- Indexes for table `tb_execute`
--
ALTER TABLE `tb_execute`
  ADD PRIMARY KEY (`id`);

--
-- Indexes for table `tb_jenis`
--
ALTER TABLE `tb_jenis`
  ADD PRIMARY KEY (`kd_jenis`);

--
-- Indexes for table `tb_kategori`
--
ALTER TABLE `tb_kategori`
  ADD PRIMARY KEY (`kd_kategori`),
  ADD UNIQUE KEY `kategori` (`kategori`),
  ADD KEY `kd_jenis` (`kd_jenis`);

--
-- Indexes for table `tb_kombinasi`
--
ALTER TABLE `tb_kombinasi`
  ADD PRIMARY KEY (`id`);

--
-- Indexes for table `tb_menu`
--
ALTER TABLE `tb_menu`
  ADD PRIMARY KEY (`kd_menu`),
  ADD UNIQUE KEY `menu` (`menu`),
  ADD KEY `kd_kategori` (`kd_kategori`);

--
-- Indexes for table `tb_pegawai`
--
ALTER TABLE `tb_pegawai`
  ADD PRIMARY KEY (`kd_pegawai`),
  ADD KEY `kd_posisi` (`kd_posisi`);

--
-- Indexes for table `tb_posisi`
--
ALTER TABLE `tb_posisi`
  ADD PRIMARY KEY (`kd_posisi`);

--
-- Indexes for table `tb_praproses`
--
ALTER TABLE `tb_praproses`
  ADD PRIMARY KEY (`nonota`);

--
-- AUTO_INCREMENT for dumped tables
--

--
-- AUTO_INCREMENT for table `tb_assosiasi`
--
ALTER TABLE `tb_assosiasi`
  MODIFY `id` int(11) NOT NULL AUTO_INCREMENT, AUTO_INCREMENT=9;

--
-- AUTO_INCREMENT for table `tb_eliminasi`
--
ALTER TABLE `tb_eliminasi`
  MODIFY `id` int(11) NOT NULL AUTO_INCREMENT, AUTO_INCREMENT=7;

--
-- AUTO_INCREMENT for table `tb_execute`
--
ALTER TABLE `tb_execute`
  MODIFY `id` int(11) NOT NULL AUTO_INCREMENT, AUTO_INCREMENT=58;

--
-- AUTO_INCREMENT for table `tb_kombinasi`
--
ALTER TABLE `tb_kombinasi`
  MODIFY `id` int(11) NOT NULL AUTO_INCREMENT, AUTO_INCREMENT=25;

--
-- Constraints for dumped tables
--

--
-- Constraints for table `tblsementara`
--
ALTER TABLE `tblsementara`
  ADD CONSTRAINT `tblsementara_ibfk_1` FOREIGN KEY (`kd_menu`) REFERENCES `tb_menu` (`kd_menu`);
COMMIT;

/*!40101 SET CHARACTER_SET_CLIENT=@OLD_CHARACTER_SET_CLIENT */;
/*!40101 SET CHARACTER_SET_RESULTS=@OLD_CHARACTER_SET_RESULTS */;
/*!40101 SET COLLATION_CONNECTION=@OLD_COLLATION_CONNECTION */;
